Strategy,Date,Price,Amount Invested,Units,Current Value,Running Total Investment,Running Corpus Value,Index,Year
SIP,2024-01-28,70700.67,10000,0.14144137530804163,110.37236280787721,10000,110.37236280787721,Sensex,2024
SIP,2024-02-25,73142.8,10000,0.13671885681160686,106.68719272436931,20000,217.0595555322465,Sensex,2024
SIP,2024-03-31,73651.35,10000,0.13577483644223765,105.95053586933572,30000,323.0100914015822,Sensex,2024
SIP,2024-04-28,73730.16,10000,0.13562970702898244,105.83728558299616,40000,428.84737698457843,Sensex,2024
SIP,2024-05-26,75410.39,10000,0.13260772156197576,103.47910944367217,50000,532.3264864282505,Sensex,2024
SIP,2024-06-30,79032.73,10000,0.12652985668089664,98.73630836237089,60000,631.0627947906215,Sensex,2024
SIP,2024-07-28,81332.72,10000,0.12295174684923853,95.9441661363348,70000,727.0069609269563,Sensex,2024
SIP,2024-08-25,81086.21,10000,0.12332553217125328,96.23584577451578,80000,823.242806701472,Sensex,2024
SIP,2024-09-29,85571.85,10000,0.11686086020110585,91.19120364933094,90000,914.434010350803,Sensex,2024
SIP,2024-10-27,79402.29,10000,0.1259409520808531,98.27676254677291,100000,1012.7107728975758,Sensex,2024
SIP,2024-11-24,79117.11,10000,0.12639491002641526,98.63100409001288,110000,1111.3417769875887,Sensex,2024
SIP,2024-12-29,78699.07,10000,0.12706630459546725,99.15492012802692,120000,1210.4966971156155,Sensex,2024
DIP,2024-12-22,78041.59,10000,0.12813680500358848,99.99027441650024,10000,99.99027441650024,Sensex,2024
DIP,2024-10-06,81688.45,10000,0.12241632691035269,95.52635654122462,20000,195.51663095772489,Sensex,2024
DEC_FILL,2024-12-01,79802.79,10000,0.12530890210730727,97.78354867041617,30000,293.30017962814105,Sensex,2024
DEC_FILL,2024-12-01,79802.79,10000,0.12530890210730727,97.78354867041617,40000,391.08372829855716,Sensex,2024
DEC_FILL,2024-12-01,79802.79,10000,0.12530890210730727,97.78354867041617,50000,488.86727696897333,Sensex,2024
DEC_FILL,2024-12-01,79802.79,10000,0.12530890210730727,97.78354867041617,60000,586.6508256393895,Sensex,2024
DEC_FILL,2024-12-01,79802.79,10000,0.12530890210730727,97.78354867041617,70000,684.4343743098057,Sensex,2024
DEC_FILL,2024-12-01,79802.79,10000,0.12530890210730727,97.78354867041617,80000,782.2179229802218,Sensex,2024
DEC_FILL,2024-12-01,79802.79,10000,0.12530890210730727,97.78354867041617,90000,880.001471650638,Sensex,2024
DEC_FILL,2024-12-01,79802.79,10000,0.12530890210730727,97.78354867041617,100000,977.7850203210542,Sensex,2024
DEC_FILL,2024-12-01,79802.79,10000,0.12530890210730727,97.78354867041617,110000,1075.5685689914703,Sensex,2024
DEC_FILL,2024-12-01,79802.79,10000,0.12530890210730727,97.78354867041617,120000,1173.3521176618865,Sensex,2024
SIP,2023-01-29,59330.9,10000,0.168546238132238,131.52337146411062,10000,131.52337146411062,Sensex,2023
SIP,2023-02-26,59463.93,10000,0.16816917415313787,131.2291333586596,20000,262.7525048227702,Sensex,2023
SIP,2023-03-26,57527.1,10000,0.17383111611744725,135.6473731510888,30000,398.399877973859,Sensex,2023
SIP,2023-04-30,61112.44,10000,0.16363280536663238,127.68922333979792,40000,526.0891013136569,Sensex,2023
SIP,2023-05-28,62501.69,10000,0.1599956737169827,124.85102402831029,50000,650.9401253419672,Sensex,2023
SIP,2023-06-25,62979.37,10000,0.15878215358457856,123.90406572819003,60000,774.8441910701573,Sensex,2023
SIP,2023-07-30,66160.2,10000,0.15114827343327258,117.94704369091993,70000,892.7912347610772,Sensex,2023
SIP,2023-08-27,64886.51,10000,0.15411523905354133,120.26228564304044,80000,1013.0535204041178,Sensex,2023
SIP,2023-09-24,66009.15,10000,0.15149414891723345,118.21694416607396,90000,1131.2704645701917,Sensex,2023
SIP,2023-10-29,63782.8,10000,0.15678207918122125,122.3433276682742,100000,1253.613792238466,Sensex,2023
SIP,2023-11-26,65970.04,10000,0.1515839614467416,118.28702847535035,110000,1371.9008207138163,Sensex,2023
SIP,2023-12-31,72240.26,10000,0.1384269657944199,108.02009848801764,120000,1479.9209192018338,Sensex,2023
DEC_FILL,2023-12-03,67481.19,10000,0.14818944360643313,115.63815042384404,10000,115.63815042384404,Sensex,2023
DEC_FILL,2023-12-03,67481.19,10000,0.14818944360643313,115.63815042384404,20000,231.27630084768808,Sensex,2023
DEC_FILL,2023-12-03,67481.19,10000,0.14818944360643313,115.63815042384404,30000,346.9144512715321,Sensex,2023
DEC_FILL,2023-12-03,67481.19,10000,0.14818944360643313,115.63815042384404,40000,462.55260169537615,Sensex,2023
DEC_FILL,2023-12-03,67481.19,10000,0.14818944360643313,115.63815042384404,50000,578.1907521192202,Sensex,2023
DEC_FILL,2023-12-03,67481.19,10000,0.14818944360643313,115.63815042384404,60000,693.8289025430643,Sensex,2023
DEC_FILL,2023-12-03,67481.19,10000,0.14818944360643313,115.63815042384404,70000,809.4670529669083,Sensex,2023
DEC_FILL,2023-12-03,67481.19,10000,0.14818944360643313,115.63815042384404,80000,925.1052033907523,Sensex,2023
DEC_FILL,2023-12-03,67481.19,10000,0.14818944360643313,115.63815042384404,90000,1040.7433538145963,Sensex,2023
DEC_FILL,2023-12-03,67481.19,10000,0.14818944360643313,115.63815042384404,100000,1156.3815042384401,Sensex,2023
DEC_FILL,2023-12-03,67481.19,10000,0.14818944360643313,115.63815042384404,110000,1272.0196546622842,Sensex,2023
DEC_FILL,2023-12-03,67481.19,10000,0.14818944360643313,115.63815042384404,120000,1387.657805086128,Sensex,2023
SIP,2022-01-30,57200.23,10000,0.17482447185964112,136.42252837095236,10000,136.42252837095236,Sensex,2022
SIP,2022-02-27,55858.52,10000,0.17902371921060567,139.69936904880404,20000,276.1218974197564,Sensex,2022
SIP,2022-03-27,57362.2,10000,0.1743308311048042,136.03732074432293,30000,412.1592181640793,Sensex,2022
SIP,2022-04-24,57197.15,10000,0.17483388595410784,136.42987456542852,40000,548.5890927295078,Sensex,2022
SIP,2022-05-29,54884.66,10000,0.1822002723529671,142.17816052791434,50000,690.7672532574222,Sensex,2022
SIP,2022-06-26,52727.98,10000,0.1896526284526735,147.99353208675925,60000,838.7607853441815,Sensex,2022
SIP,2022-07-31,57570.25,10000,0.17370082638168152,135.54570285868135,70000,974.3064882028629,Sensex,2022
SIP,2022-08-28,58833.87,10000,0.16997012095243777,132.6344841840253,80000,1106.9409723868882,Sensex,2022
SIP,2022-09-25,58098.92,10000,0.17212023906812726,134.31230735442244,90000,1241.2532797413107,Sensex,2022
SIP,2022-10-30,59959.85,10000,0.16677826912508956,130.1437545290724,100000,1371.397034270383,Sensex,2022
SIP,2022-11-27,62293.64,10000,0.16053003163725862,125.2680048878184,110000,1496.6650391582016,Sensex,2022
SIP,2022-12-25,59845.29,10000,0.16709752764169075,130.39288471991696,120000,1627.0579238781186,Sensex,2022
DIP,2022-06-19,51360.42,10000,0.19470245765124194,151.93411580357014,10000,151.93411580357014,Sensex,2022
DIP,2022-05-15,52793.62,10000,0.1894168272605667,147.80952698451063,20000,299.74364278808076,Sensex,2022
DIP,2022-05-08,54835.58,10000,0.1823633487600569,142.3054155714228,30000,442.0490583595036,Sensex,2022
DIP,2022-02-27,55858.52,10000,0.17902371921060567,139.69936904880404,40000,581.7484274083076,Sensex,2022
DIP,2022-01-30,57200.23,10000,0.17482447185964112,136.42252837095236,50000,718.17095577926,Sensex,2022
DIP,2022-01-23,59037.18,10000,0.16938478430033413,132.17772258092273,60000,850.3486783601827,Sensex,2022
DEC_FILL,2022-12-04,62868.5,10000,0.15906216944892912,124.12257330777736,70000,974.4712516679601,Sensex,2022
DEC_FILL,2022-12-04,62868.5,10000,0.15906216944892912,124.12257330777736,80000,1098.5938249757376,Sensex,2022
DEC_FILL,2022-12-04,62868.5,10000,0.15906216944892912,124.12257330777736,90000,1222.7163982835148,Sensex,2022
DEC_FILL,2022-12-04,62868.5,10000,0.15906216944892912,124.12257330777736,100000,1346.8389715912922,Sensex,2022
DEC_FILL,2022-12-04,62868.5,10000,0.15906216944892912,124.12257330777736,110000,1470.9615448990696,Sensex,2022
DEC_FILL,2022-12-04,62868.5,10000,0.15906216944892912,124.12257330777736,120000,1595.0841182068468,Sensex,2022
SIP,2021-01-31,46285.77,10000,0.21604912265692028,168.59177237410117,10000,168.59177237410117,Sensex,2021
SIP,2021-02-28,49099.99,10000,0.20366602925988378,158.9287492726577,20000,327.52052164675894,Sensex,2021
SIP,2021-03-28,49008.5,10000,0.20404623687727638,159.22544048481384,30000,486.7459621315728,Sensex,2021
SIP,2021-04-25,47878.45,10000,0.20886223342652072,162.98355523205117,40000,649.7295173636239,Sensex,2021
SIP,2021-05-30,51422.88,10000,0.19446596534460925,151.74957139701237,50000,801.4790887606363,Sensex,2021
SIP,2021-06-27,52925.04,10000,0.18894647977592458,147.44249602834498,60000,948.9215847889814,Sensex,2021
SIP,2021-07-25,52975.8,10000,0.18876543629355289,147.30122055731107,70000,1096.2228053462925,Sensex,2021
SIP,2021-08-29,56124.72,10000,0.17817460826530626,139.0367738137491,80000,1235.2595791600415,Sensex,2021
SIP,2021-09-26,60048.47,10000,0.16653213645576648,129.95168736189282,90000,1365.2112665219342,Sensex,2021
SIP,2021-10-31,59306.93,10000,0.1686143592325551,131.57652908353205,100000,1496.7877956054663,Sensex,2021
SIP,2021-11-28,57107.15,10000,0.17510942149975967,136.64488597312246,110000,1633.4326815785885,Sensex,2021
SIP,2021-12-26,57124.31,10000,0.1750568190670487,136.60383819078078,120000,1770.036519769369,Sensex,2021
DIP,2021-12-19,57011.74,10000,0.17540246973693488,136.87356323451976,10000,136.87356323451976,Sensex,2021
DIP,2021-11-28,57107.15,10000,0.17510942149975967,136.64488597312246,20000,273.5184492076423,Sensex,2021
DIP,2021-02-28,49099.99,10000,0.20366602925988378,158.9287492726577,30000,432.44719848029996,Sensex,2021
DIP,2021-01-31,46285.77,10000,0.21604912265692028,168.59177237410117,40000,601.0389708544011,Sensex,2021
DEC_FILL,2021-12-05,57696.46,10000,0.17332085885338547,135.2491989976508,50000,736.2881698520519,Sensex,2021
DEC_FILL,2021-12-05,57696.46,10000,0.17332085885338547,135.2491989976508,60000,871.5373688497027,Sensex,2021
DEC_FILL,2021-12-05,57696.46,10000,0.17332085885338547,135.2491989976508,70000,1006.7865678473535,Sensex,2021
DEC_FILL,2021-12-05,57696.46,10000,0.17332085885338547,135.2491989976508,80000,1142.0357668450042,Sensex,2021
DEC_FILL,2021-12-05,57696.46,10000,0.17332085885338547,135.2491989976508,90000,1277.284965842655,Sensex,2021
DEC_FILL,2021-12-05,57696.46,10000,0.17332085885338547,135.2491989976508,100000,1412.534164840306,Sensex,2021
DEC_FILL,2021-12-05,57696.46,10000,0.17332085885338547,135.2491989976508,110000,1547.7833638379566,Sensex,2021
DEC_FILL,2021-12-05,57696.46,10000,0.17332085885338547,135.2491989976508,120000,1683.0325628356077,Sensex,2021
SIP,2020-01-26,41613.19,10000,0.24030842144041348,187.52227358681225,10000,187.52227358681225,Sensex,2020
SIP,2020-02-23,41170.12,10000,0.24289460414494782,189.5403753984686,20000,377.0626489852809,Sensex,2020
SIP,2020-03-29,29815.59,10000,0.33539500643790715,261.7221393237565,30000,638.7847883090373,Sensex,2020
SIP,2020-04-26,31327.22,10000,0.31921121631603444,249.09328054005434,40000,887.8780688490915,Sensex,2020
SIP,2020-05-31,32424.1,10000,0.3084125696626892,240.6666646105829,50000,1128.5447334596745,Sensex,2020
SIP,2020-06-28,35171.27,10000,0.2843229715617321,221.86858762848203,60000,1350.4133210881564,Sensex,2020
SIP,2020-07-26,38128.9,10000,0.2622682532147531,204.65840871360044,70000,1555.0717298017569,Sensex,2020
SIP,2020-08-30,39467.31,10000,0.2533742482069338,197.71806084579876,80000,1752.7897906475555,Sensex,2020
SIP,2020-09-27,37388.66,10000,0.26746077553996317,208.71034158485486,90000,1961.5001322324104,Sensex,2020
SIP,2020-10-25,40685.5,10000,0.24578781138243355,191.79806073416822,100000,2153.298192966579,Sensex,2020
SIP,2020-11-29,44149.72,10000,0.22650200273070814,176.7485728108808,110000,2330.0467657774593,Sensex,2020
SIP,2020-12-27,46973.54,10000,0.21288580762701725,166.12331112366664,120000,2496.1700769011263,Sensex,2020
DIP,2020-09-27,37388.66,10000,0.26746077553996317,208.71034158485486,10000,208.71034158485486,Sensex,2020
DIP,2020-05-10,31642.7,10000,0.31602865747866016,246.60980257689766,20000,455.3201441617525,Sensex,2020
DIP,2020-04-05,27590.95,10000,0.36243768337081544,282.82462184158214,30000,738.1447660033347,Sensex,2020
DIP,2020-03-22,29915.96,10000,0.33426973428230283,260.8440444498522,40000,998.9888104531868,Sensex,2020
DIP,2020-03-15,34103.48,10000,0.2932252075154793,228.81535843262913,50000,1227.8041688858161,Sensex,2020
DIP,2020-03-01,38297.29,10000,0.2611150815109894,203.75854270628548,60000,1431.5627115921016,Sensex,2020
DIP,2020-02-02,39735.53,10000,0.2516639390490073,196.38343819750236,70000,1627.9461497896039,Sensex,2020
DEC_FILL,2020-12-06,45079.55,10000,0.2218300759435265,173.10288146177146,80000,1801.0490312513753,Sensex,2020
DEC_FILL,2020-12-06,45079.55,10000,0.2218300759435265,173.10288146177146,90000,1974.1519127131464,Sensex,2020
DEC_FILL,2020-12-06,45079.55,10000,0.2218300759435265,173.10288146177146,100000,2147.254794174918,Sensex,2020
DEC_FILL,2020-12-06,45079.55,10000,0.2218300759435265,173.10288146177146,110000,2320.3576756366892,Sensex,2020
DEC_FILL,2020-12-06,45079.55,10000,0.2218300759435265,173.10288146177146,120000,2493.4605570984604,Sensex,2020
SIP,2019-01-27,36469.43,10000,0.2742022565200498,213.97098885285567,10000,213.97098885285567,Sensex,2019
SIP,2019-02-24,36063.81,10000,0.2772862878325945,216.37758184728682,20000,430.34857070014243,Sensex,2019
SIP,2019-03-31,38862.23,10000,0.25731925316689236,200.79650601625278,30000,631.1450767163952,Sensex,2019
SIP,2019-04-28,38963.26,10000,0.2566520357896131,200.2758496080667,40000,831.420926324462,Sensex,2019
SIP,2019-05-26,39434.72,10000,0.2535836440578252,197.8814608040833,50000,1029.3023871285454,Sensex,2019
SIP,2019-06-30,39394.64,10000,0.2538416393702291,198.08278486616456,60000,1227.38517199471,Sensex,2019
SIP,2019-07-28,37882.79,10000,0.2639721097627709,205.98799613228067,70000,1433.3731681269908,Sensex,2019
SIP,2019-08-25,36701.16,10000,0.2724709518718209,212.61998258365674,80000,1645.9931507106473,Sensex,2019
SIP,2019-09-29,38822.57,10000,0.25758212297640265,201.00163384340604,90000,1846.9947845540535,Sensex,2019
SIP,2019-10-27,39058.06,10000,0.25602910129176926,199.78974890201923,100000,2046.784533456073,Sensex,2019
SIP,2019-11-24,40359.41,10000,0.24777369143899772,193.3477223775075,110000,2240.13225583358,Sensex,2019
SIP,2019-12-29,41575.14,10000,0.24052835420397864,187.6938959195327,120000,2427.8261517531128,Sensex,2019
DIP,2019-05-05,37462.99,10000,0.2669301088887993,208.29624117028567,10000,208.29624117028567,Sensex,2019
DEC_FILL,2019-12-01,40793.81,10000,0.24513523007534724,191.28882543699646,20000,399.5850666072821,Sensex,2019
DEC_FILL,2019-12-01,40793.81,10000,0.24513523007534724,191.28882543699646,30000,590.8738920442786,Sensex,2019
DEC_FILL,2019-12-01,40793.81,10000,0.24513523007534724,191.28882543699646,40000,782.162717481275,Sensex,2019
DEC_FILL,2019-12-01,40793.81,10000,0.24513523007534724,191.28882543699646,50000,973.4515429182716,Sensex,2019
DEC_FILL,2019-12-01,40793.81,10000,0.24513523007534724,191.28882543699646,60000,1164.7403683552682,Sensex,2019
DEC_FILL,2019-12-01,40793.81,10000,0.24513523007534724,191.28882543699646,70000,1356.0291937922646,Sensex,2019
DEC_FILL,2019-12-01,40793.81,10000,0.24513523007534724,191.28882543699646,80000,1547.3180192292612,Sensex,2019
DEC_FILL,2019-12-01,40793.81,10000,0.24513523007534724,191.28882543699646,90000,1738.6068446662575,Sensex,2019
DEC_FILL,2019-12-01,40793.81,10000,0.24513523007534724,191.28882543699646,100000,1929.895670103254,Sensex,2019
DEC_FILL,2019-12-01,40793.81,10000,0.24513523007534724,191.28882543699646,110000,2121.1844955402503,Sensex,2019
DEC_FILL,2019-12-01,40793.81,10000,0.24513523007534724,191.28882543699646,120000,2312.4733209772467,Sensex,2019
SIP,2018-01-28,35066.75,10000,0.2851704249752258,222.52988942516774,10000,222.52988942516774,Sensex,2018
SIP,2018-02-25,34046.94,10000,0.293712151517875,229.1953403154586,20000,451.72522974062633,Sensex,2018
SIP,2018-03-25,32968.68,10000,0.3033181795570827,236.6913082355739,30000,688.4165379762002,Sensex,2018
SIP,2018-04-29,34915.38,10000,0.28640673536991434,223.49463187855898,40000,911.911169854759,Sensex,2018
SIP,2018-05-27,35227.26,10000,0.283871070301806,221.51595099931131,50000,1133.4271208540704,Sensex,2018
SIP,2018-06-24,35423.48,10000,0.2822986335616941,220.2889157135324,60000,1353.716036567603,Sensex,2018
SIP,2018-07-29,37556.16,10000,0.2662679038538551,207.7794960933173,70000,1561.4955326609204,Sensex,2018
SIP,2018-08-26,38645.07,10000,0.25876521895289617,201.924850957703,80000,1763.4203836186234,Sensex,2018
SIP,2018-09-30,34376.99,10000,0.2908922508922393,226.99485906125003,90000,1990.4152426798735,Sensex,2018
SIP,2018-10-28,35011.65,10000,0.28561921531832973,222.88009848150543,100000,2213.295341161379,Sensex,2018
SIP,2018-11-25,36194.3,10000,0.2762865976134363,215.5974835816689,110000,2428.892824743048,Sensex,2018
SIP,2018-12-30,35695.1,10000,0.2801504968469062,218.61263870951478,120000,2647.5054634525627,Sensex,2018
DIP,2018-09-30,34376.99,10000,0.2908922508922393,226.99485906125003,10000,226.99485906125003,Sensex,2018
DIP,2018-09-16,36841.6,10000,0.27143229392860246,211.80947624424564,20000,438.8043353054957,Sensex,2018
DIP,2018-02-04,34005.76,10000,0.29406782850905255,229.47288929875407,30000,668.2772246042498,Sensex,2018
DEC_FILL,2018-12-02,35673.25,10000,0.28032209008150366,218.74653977420058,40000,887.0237643784504,Sensex,2018
DEC_FILL,2018-12-02,35673.25,10000,0.28032209008150366,218.74653977420058,50000,1105.7703041526509,Sensex,2018
DEC_FILL,2018-12-02,35673.25,10000,0.28032209008150366,218.74653977420058,60000,1324.5168439268514,Sensex,2018
DEC_FILL,2018-12-02,35673.25,10000,0.28032209008150366,218.74653977420058,70000,1543.263383701052,Sensex,2018
DEC_FILL,2018-12-02,35673.25,10000,0.28032209008150366,218.74653977420058,80000,1762.0099234752524,Sensex,2018
DEC_FILL,2018-12-02,35673.25,10000,0.28032209008150366,218.74653977420058,90000,1980.756463249453,Sensex,2018
DEC_FILL,2018-12-02,35673.25,10000,0.28032209008150366,218.74653977420058,100000,2199.5030030236535,Sensex,2018
DEC_FILL,2018-12-02,35673.25,10000,0.28032209008150366,218.74653977420058,110000,2418.249542797854,Sensex,2018
DEC_FILL,2018-12-02,35673.25,10000,0.28032209008150366,218.74653977420058,120000,2636.9960825720545,Sensex,2018
SIP,2017-01-29,28240.52,10000,0.3541011284494761,276.3192745742642,10000,276.3192745742642,Sensex,2017
SIP,2017-02-26,28832.45,10000,0.3468314347202544,270.6464417696033,20000,546.9657163438675,Sensex,2017
SIP,2017-03-26,29620.5,10000,0.33760402423996894,263.4459242754174,30000,810.4116406192849,Sensex,2017
SIP,2017-04-30,29858.8,10000,0.334909641378756,261.34338955349847,40000,1071.7550301727833,Sensex,2017
SIP,2017-05-28,31273.29,10000,0.31976168800916055,249.52283562106837,50000,1321.2778657938518,Sensex,2017
SIP,2017-06-25,30921.61,10000,0.32339842589050183,252.3607276593942,60000,1573.638593453246,Sensex,2017
SIP,2017-07-30,32325.41,10000,0.309354158230321,241.4014238334487,70000,1815.0400172866944,Sensex,2017
SIP,2017-08-27,31892.23,10000,0.31355599780887067,244.68028733017414,80000,2059.7203046168684,Sensex,2017
SIP,2017-09-24,31283.72,10000,0.3196550793831424,249.43964464584135,90000,2309.1599492627097,Sensex,2017
SIP,2017-10-29,33685.56,10000,0.296863106921779,231.654156855341,100000,2540.814106118051,Sensex,2017
SIP,2017-11-26,32832.94,10000,0.3045721766006943,237.6698522885858,110000,2778.4839584066367,Sensex,2017
SIP,2017-12-31,34153.85,10000,0.2927927598206352,228.47790219843446,120000,3006.9618606050713,Sensex,2017
DIP,2017-08-06,31213.59,10000,0.32037327330819687,250.00008009331836,10000,250.00008009331836,Sensex,2017
DEC_FILL,2017-12-03,33250.3,10000,0.30074916617293673,234.68660433138945,20000,484.68668442470783,Sensex,2017
DEC_FILL,2017-12-03,33250.3,10000,0.30074916617293673,234.68660433138945,30000,719.3732887560973,Sensex,2017
DEC_FILL,2017-12-03,33250.3,10000,0.30074916617293673,234.68660433138945,40000,954.0598930874867,Sensex,2017
DEC_FILL,2017-12-03,33250.3,10000,0.30074916617293673,234.68660433138945,50000,1188.746497418876,Sensex,2017
DEC_FILL,2017-12-03,33250.3,10000,0.30074916617293673,234.68660433138945,60000,1423.4331017502655,Sensex,2017
DEC_FILL,2017-12-03,33250.3,10000,0.30074916617293673,234.68660433138945,70000,1658.1197060816548,Sensex,2017
DEC_FILL,2017-12-03,33250.3,10000,0.30074916617293673,234.68660433138945,80000,1892.8063104130445,Sensex,2017
DEC_FILL,2017-12-03,33250.3,10000,0.30074916617293673,234.68660433138945,90000,2127.492914744434,Sensex,2017
DEC_FILL,2017-12-03,33250.3,10000,0.30074916617293673,234.68660433138945,100000,2362.179519075824,Sensex,2017
DEC_FILL,2017-12-03,33250.3,10000,0.30074916617293673,234.68660433138945,110000,2596.8661234072133,Sensex,2017
DEC_FILL,2017-12-03,33250.3,10000,0.30074916617293673,234.68660433138945,120000,2831.5527277386027,Sensex,2017
SIP,2016-01-31,24616.97,10000,0.406223836646021,316.99270868835606,10000,316.99270868835606,Sensex,2016
SIP,2016-02-28,24646.48,10000,0.4057374521635544,316.61316342130806,20000,633.6058721096641,Sensex,2016
SIP,2016-03-27,25269.64,10000,0.3957317951502277,308.80534902752873,30000,942.4112211371927,Sensex,2016
SIP,2016-04-24,25606.62,10000,0.3905240129310311,304.7415082506008,40000,1247.1527293877934,Sensex,2016
SIP,2016-05-29,26843.03,10000,0.37253618537102556,290.7048868924261,50000,1537.8576162802196,Sensex,2016
SIP,2016-06-26,27144.91,10000,0.36839319047291,287.47194225363063,60000,1825.32955853385,Sensex,2016
SIP,2016-07-31,28078.35,10000,0.35614628352449484,277.91519088550433,70000,2103.2447494193543,Sensex,2016
SIP,2016-08-28,28532.11,10000,0.350482316239493,273.495370654326,80000,2376.7401200736804,Sensex,2016
SIP,2016-09-25,27865.96,10000,0.35886077493831187,280.0334171153623,90000,2656.7735371890426,Sensex,2016
SIP,2016-10-30,27274.15,10000,0.3666475398866692,286.10974127516346,100000,2942.883278464206,Sensex,2016
SIP,2016-11-27,26230.66,10000,0.38123325909451,297.49156140181,110000,3240.374839866016,Sensex,2016
SIP,2016-12-25,26626.46,10000,0.3755662600285581,293.06937535068505,120000,3533.4442152167007,Sensex,2016
DIP,2016-02-07,22986.12,10000,0.43504514898556174,339.48313155939326,10000,339.48313155939326,Sensex,2016
DIP,2016-01-03,24934.33,10000,0.40105348730044077,312.958078280026,20000,652.4412098394192,Sensex,2016
DEC_FILL,2016-12-04,26747.18,10000,0.3738711894113697,291.74664394526826,30000,944.1878537846876,Sensex,2016
DEC_FILL,2016-12-04,26747.18,10000,0.3738711894113697,291.74664394526826,40000,1235.9344977299559,Sensex,2016
DEC_FILL,2016-12-04,26747.18,10000,0.3738711894113697,291.74664394526826,50000,1527.6811416752241,Sensex,2016
DEC_FILL,2016-12-04,26747.18,10000,0.3738711894113697,291.74664394526826,60000,1819.4277856204922,Sensex,2016
DEC_FILL,2016-12-04,26747.18,10000,0.3738711894113697,291.74664394526826,70000,2111.1744295657604,Sensex,2016
DEC_FILL,2016-12-04,26747.18,10000,0.3738711894113697,291.74664394526826,80000,2402.9210735110287,Sensex,2016
DEC_FILL,2016-12-04,26747.18,10000,0.3738711894113697,291.74664394526826,90000,2694.6677174562965,Sensex,2016
DEC_FILL,2016-12-04,26747.18,10000,0.3738711894113697,291.74664394526826,100000,2986.4143614015647,Sensex,2016
DEC_FILL,2016-12-04,26747.18,10000,0.3738711894113697,291.74664394526826,110000,3278.161005346833,Sensex,2016
DEC_FILL,2016-12-04,26747.18,10000,0.3738711894113697,291.74664394526826,120000,3569.907649292101,Sensex,2016
SIP,2015-01-25,29182.95,10000,0.3426658374153401,267.39585956868655,10000,267.39585956868655,Sensex,2015
SIP,2015-02-22,29220.12,10000,0.34222994292973474,267.0557136657892,20000,534.4515732344757,Sensex,2015
SIP,2015-03-29,28260.14,10000,0.35385528875653127,276.12743602827163,30000,810.5790092627474,Sensex,2015
SIP,2015-04-26,27011.31,10000,0.37021529129834874,288.8938004117535,40000,1099.472809674501,Sensex,2015
SIP,2015-05-31,26768.49,10000,0.3735735560728304,291.51438874587245,50000,1390.9871984203733,Sensex,2015
SIP,2015-06-28,28092.79,10000,0.3559632204562096,277.7723394507986,60000,1668.759537871172,Sensex,2015
SIP,2015-07-26,28114.56,10000,0.3556875867877712,277.55725147396936,70000,1946.3167893451414,Sensex,2015
SIP,2015-08-30,25201.9,10000,0.3967954797058952,309.63538463369827,80000,2255.9521739788397,Sensex,2015
SIP,2015-09-27,26220.95,10000,0.38137443532747667,297.60172686344316,90000,2553.553900842283,Sensex,2015
SIP,2015-10-25,26656.83,10000,0.3751383791696162,292.7354828012183,100000,2846.2893836435014,Sensex,2015
SIP,2015-11-29,25638.11,10000,0.3900443519432595,304.3672095954031,110000,3150.656593238905,Sensex,2015
SIP,2015-12-27,26160.9,10000,0.3822498461444369,298.2848449403499,120000,3448.941438179255,Sensex,2015
DIP,2015-08-30,25201.9,10000,0.3967954797058952,309.63538463369827,10000,309.63538463369827,Sensex,2015
DIP,2015-08-23,26392.38,10000,0.37889724231009103,295.66867406425644,20000,605.3040586979547,Sensex,2015
DIP,2015-05-31,26768.49,10000,0.3735735560728304,291.51438874587245,30000,896.8184474438272,Sensex,2015
DIP,2015-04-19,27437.94,10000,0.36445884785811183,284.401817337599,40000,1181.220264781426,Sensex,2015
DIP,2015-03-08,28503.3,10000,0.3508365698006898,273.7718088782703,50000,1454.9920736596966,Sensex,2015
DEC_FILL,2015-12-06,25044.43,10000,0.3992903811346475,311.58225601461083,60000,1766.5743296743074,Sensex,2015
DEC_FILL,2015-12-06,25044.43,10000,0.3992903811346475,311.58225601461083,70000,2078.1565856889183,Sensex,2015
DEC_FILL,2015-12-06,25044.43,10000,0.3992903811346475,311.58225601461083,80000,2389.738841703529,Sensex,2015
DEC_FILL,2015-12-06,25044.43,10000,0.3992903811346475,311.58225601461083,90000,2701.32109771814,Sensex,2015
DEC_FILL,2015-12-06,25044.43,10000,0.3992903811346475,311.58225601461083,100000,3012.903353732751,Sensex,2015
DEC_FILL,2015-12-06,25044.43,10000,0.3992903811346475,311.58225601461083,110000,3324.4856097473617,Sensex,2015
DEC_FILL,2015-12-06,25044.43,10000,0.3992903811346475,311.58225601461083,120000,3636.067865761972,Sensex,2015
SIP,2014-01-26,20513.85,10000,0.48747553482159617,380.39665884268436,10000,380.39665884268436,Sensex,2014
SIP,2014-02-23,21120.12,10000,0.47348215824531303,369.4770673651476,20000,749.873726207832,Sensex,2014
SIP,2014-03-30,22359.5,10000,0.4472371922449071,348.9970705963908,30000,1098.8707968042227,Sensex,2014
SIP,2014-04-27,22403.89,10000,0.4463510577850543,348.3055844319893,40000,1447.176381236212,Sensex,2014
SIP,2014-05-25,24217.34,10000,0.4129272661654831,322.2236628795731,50000,1769.400044115785,Sensex,2014
SIP,2014-06-29,25962.06,10000,0.3851774473982419,300.56936930274406,60000,2069.9694134185293,Sensex,2014
SIP,2014-07-27,25480.84,10000,0.39245174020950646,306.2457909550863,70000,2376.2152043736155,Sensex,2014
SIP,2014-08-31,27026.7,10000,0.37000447705417233,288.72929362445285,80000,2664.9444979980685,Sensex,2014
SIP,2014-09-28,26567.99,10000,0.37639279448689944,293.7143532499071,90000,2958.6588512479757,Sensex,2014
SIP,2014-10-26,27865.83,10000,0.3588624490998474,280.0347235305749,100000,3238.693574778551,Sensex,2014
SIP,2014-11-30,28458.1,10000,0.3513938035216687,274.20664064009895,110000,3512.9002154186496,Sensex,2014
SIP,2014-12-28,27887.9,10000,0.35857845158653034,279.8131089110331,120000,3792.713324329683,Sensex,2014
DIP,2014-12-07,27350.68,10000,0.3656216225702615,285.30917695647787,10000,285.30917695647787,Sensex,2014
DIP,2014-07-06,25024.35,10000,0.3996107791011555,311.8322753637957,20000,597.1414523202735,Sensex,2014
DEC_FILL,2014-12-07,27350.68,10000,0.3656216225702615,285.30917695647787,30000,882.4506292767514,Sensex,2014
DEC_FILL,2014-12-07,27350.68,10000,0.3656216225702615,285.30917695647787,40000,1167.7598062332293,Sensex,2014
DEC_FILL,2014-12-07,27350.68,10000,0.3656216225702615,285.30917695647787,50000,1453.0689831897073,Sensex,2014
DEC_FILL,2014-12-07,27350.68,10000,0.3656216225702615,285.30917695647787,60000,1738.3781601461849,Sensex,2014
DEC_FILL,2014-12-07,27350.68,10000,0.3656216225702615,285.30917695647787,70000,2023.687337102663,Sensex,2014
DEC_FILL,2014-12-07,27350.68,10000,0.3656216225702615,285.30917695647787,80000,2308.9965140591407,Sensex,2014
DEC_FILL,2014-12-07,27350.68,10000,0.3656216225702615,285.30917695647787,90000,2594.305691015619,Sensex,2014
DEC_FILL,2014-12-07,27350.68,10000,0.3656216225702615,285.30917695647787,100000,2879.6148679720964,Sensex,2014
DEC_FILL,2014-12-07,27350.68,10000,0.3656216225702615,285.30917695647787,110000,3164.9240449285744,Sensex,2014
DEC_FILL,2014-12-07,27350.68,10000,0.3656216225702615,285.30917695647787,120000,3450.233221885052,Sensex,2014
SIP,2013-01-27,19781.19,10000,0.5055307592718133,394.48587269016684,10000,394.48587269016684,Sensex,2013
SIP,2013-02-24,18918.52,10000,0.5285825741125627,412.4741258829972,20000,806.9599985731642,Sensex,2013
SIP,2013-03-31,18450.23,10000,0.541998663431296,422.94323702197755,30000,1229.9032355951417,Sensex,2013
SIP,2013-04-28,19575.64,10000,0.5108389815096722,398.6280908312576,40000,1628.5313264263996,Sensex,2013
SIP,2013-05-26,19760.3,10000,0.5060651913179456,394.90291139304566,50000,2023.4342378194451,Sensex,2013
SIP,2013-06-30,19495.82,10000,0.512930464068708,400.26015833137564,60000,2423.6943961508205,Sensex,2013
SIP,2013-07-28,19164.02,10000,0.5218111857533023,407.19014069073194,70000,2830.8845368415523,Sensex,2013
SIP,2013-08-25,18619.72,10000,0.5370650041998483,419.0933053773096,80000,3249.977842218862,Sensex,2013
SIP,2013-09-29,19915.95,10000,0.5021101177699281,391.8166093005857,90000,3641.7944515194476,Sensex,2013
SIP,2013-10-27,21196.81,10000,0.4717691011053078,368.14030035651587,100000,4009.9347518759632,Sensex,2013
SIP,2013-11-24,20791.93,10000,0.48095583238304473,375.30907424178514,110000,4385.2438261177485,Sensex,2013
SIP,2013-12-29,20851.33,10000,0.47958571467623407,374.2399165904525,120000,4759.483742708201,Sensex,2013
DIP,2013-03-17,18735.6,10000,0.533743248147911,416.50120625974085,10000,416.50120625974085,Sensex,2013
DEC_FILL,2013-12-01,20996.53,10000,0.47626917400160884,371.6518872404155,20000,788.1530935001564,Sensex,2013
DEC_FILL,2013-12-01,20996.53,10000,0.47626917400160884,371.6518872404155,30000,1159.8049807405719,Sensex,2013
DEC_FILL,2013-12-01,20996.53,10000,0.47626917400160884,371.6518872404155,40000,1531.4568679809875,Sensex,2013
DEC_FILL,2013-12-01,20996.53,10000,0.47626917400160884,371.6518872404155,50000,1903.108755221403,Sensex,2013
DEC_FILL,2013-12-01,20996.53,10000,0.47626917400160884,371.6518872404155,60000,2274.7606424618184,Sensex,2013
DEC_FILL,2013-12-01,20996.53,10000,0.47626917400160884,371.6518872404155,70000,2646.412529702234,Sensex,2013
DEC_FILL,2013-12-01,20996.53,10000,0.47626917400160884,371.6518872404155,80000,3018.0644169426496,Sensex,2013
DEC_FILL,2013-12-01,20996.53,10000,0.47626917400160884,371.6518872404155,90000,3389.716304183065,Sensex,2013
DEC_FILL,2013-12-01,20996.53,10000,0.47626917400160884,371.6518872404155,100000,3761.3681914234803,Sensex,2013
DEC_FILL,2013-12-01,20996.53,10000,0.47626917400160884,371.6518872404155,110000,4133.020078663896,Sensex,2013
DEC_FILL,2013-12-01,20996.53,10000,0.47626917400160884,371.6518872404155,120000,4504.671965904312,Sensex,2013
SIP,2012-01-29,17604.96,10000,0.5680217393280076,443.2500840672175,10000,443.2500840672175,Sensex,2012
SIP,2012-02-26,17636.8,10000,0.5669962805043999,442.4498775288034,20000,885.6999615960208,Sensex,2012
SIP,2012-03-25,17404.2,10000,0.5745739534135438,448.3630388067248,30000,1334.0630004027455,Sensex,2012
SIP,2012-04-29,16831.08,10000,0.5941389382024207,463.630379036877,40000,1797.6933794396225,Sensex,2012
SIP,2012-05-27,15965.16,10000,0.6263639074083818,488.77681150705666,50000,2286.470190946679,Sensex,2012
SIP,2012-06-24,17429.98,10000,0.573724123607715,447.6998826160443,60000,2734.1700735627237,Sensex,2012
SIP,2012-07-29,17197.93,10000,0.5814653275132531,453.7406536716919,70000,3187.9107272344154,Sensex,2012
SIP,2012-08-26,17429.56,10000,0.5737379486343889,447.71067083735903,80000,3635.621398071775,Sensex,2012
SIP,2012-09-30,18938.46,10000,0.5280260380199868,412.03983850851654,90000,4047.661236580291,Sensex,2012
SIP,2012-10-28,18755.45,10000,0.5331783561578101,416.0603984441855,100000,4463.721635024477,Sensex,2012
SIP,2012-11-25,19339.9,10000,0.5170657552520954,403.48709145342013,110000,4867.208726477897,Sensex,2012
SIP,2012-12-30,19784.08,10000,0.5054569128309226,394.42824735848217,120000,5261.636973836379,Sensex,2012
DIP,2012-05-06,16292.98,10000,0.6137612640535985,478.9424647915851,10000,478.9424647915851,Sensex,2012
DEC_FILL,2012-12-02,19424.1,10000,0.5148243676669705,401.7380470652438,20000,880.6805118568287,Sensex,2012
DEC_FILL,2012-12-02,19424.1,10000,0.5148243676669705,401.7380470652438,30000,1282.4185589220726,Sensex,2012
DEC_FILL,2012-12-02,19424.1,10000,0.5148243676669705,401.7380470652438,40000,1684.1566059873164,Sensex,2012
DEC_FILL,2012-12-02,19424.1,10000,0.5148243676669705,401.7380470652438,50000,2085.8946530525604,Sensex,2012
DEC_FILL,2012-12-02,19424.1,10000,0.5148243676669705,401.7380470652438,60000,2487.6327001178042,Sensex,2012
DEC_FILL,2012-12-02,19424.1,10000,0.5148243676669705,401.7380470652438,70000,2889.370747183048,Sensex,2012
DEC_FILL,2012-12-02,19424.1,10000,0.5148243676669705,401.7380470652438,80000,3291.1087942482914,Sensex,2012
DEC_FILL,2012-12-02,19424.1,10000,0.5148243676669705,401.7380470652438,90000,3692.8468413135356,Sensex,2012
DEC_FILL,2012-12-02,19424.1,10000,0.5148243676669705,401.7380470652438,100000,4094.5848883787794,Sensex,2012
DEC_FILL,2012-12-02,19424.1,10000,0.5148243676669705,401.7380470652438,110000,4496.322935444023,Sensex,2012
DEC_FILL,2012-12-02,19424.1,10000,0.5148243676669705,401.7380470652438,120000,4898.060982509267,Sensex,2012
SIP,2011-01-30,18008.15,10000,0.5553041261873096,433.3260218290052,10000,433.3260218290052,Sensex,2011
SIP,2011-02-27,18486.45,10000,0.5409367401529228,422.1145758109318,20000,855.440597639937,Sensex,2011
SIP,2011-03-27,19420.39,10000,0.5149227178238954,401.8147936266986,30000,1257.2553912666353,Sensex,2011
SIP,2011-04-24,19135.96,10000,0.5225763431779749,407.78722363550094,40000,1665.0426149021364,Sensex,2011
SIP,2011-05-29,18376.48,10000,0.5441738570172308,424.6406275848259,50000,2089.683242486962,Sensex,2011
SIP,2011-06-26,18762.8,10000,0.5329694928262306,415.89741403202083,60000,2505.580656518983,Sensex,2011
SIP,2011-07-31,17305.87,10000,0.5778386177637993,450.91058698580315,70000,2956.4912435047863,Sensex,2011
SIP,2011-08-28,16821.46,10000,0.5944787194452801,463.89552393192986,80000,3420.386767436716,Sensex,2011
SIP,2011-09-25,16453.76,10000,0.6077638181181688,474.26241783033186,90000,3894.649185267048,Sensex,2011
SIP,2011-10-30,17562.61,10000,0.5693914514983821,444.3189252622475,100000,4338.968110529296,Sensex,2011
SIP,2011-11-27,16846.83,10000,0.593583481284016,463.196933785169,110000,4802.1650443144645,Sensex,2011
SIP,2011-12-25,15454.92,10000,0.6470431422485525,504.9136456222355,120000,5307.0786899367,Sensex,2011
DIP,2011-12-11,15491.35,10000,0.6455215329845365,503.72627304915324,10000,503.72627304915324,Sensex,2011
DIP,2011-12-04,16213.46,10000,0.6167714972621513,481.29147017354717,20000,985.0177432227005,Sensex,2011
DIP,2011-11-20,15695.43,10000,0.6371281322015389,497.17656668214886,30000,1482.1943099048492,Sensex,2011
DIP,2011-11-13,16371.51,10000,0.6108172062320458,476.64509871111466,40000,1958.8394086159637,Sensex,2011
DIP,2011-09-18,16162.06,10000,0.6187330080447666,482.8221154976532,50000,2441.661524113617,Sensex,2011
DIP,2011-08-14,16141.67,10000,0.6195145855416447,483.4320116815671,60000,2925.093535795184,Sensex,2011
DIP,2011-07-31,17305.87,10000,0.5778386177637993,450.91058698580315,70000,3376.004122780987,Sensex,2011
DIP,2011-05-01,18518.81,10000,0.5399915005337815,421.3769675265311,80000,3797.3810903075178,Sensex,2011
DIP,2011-01-23,18395.97,10000,0.5435973205000878,424.1907330790385,90000,4221.571823386556,Sensex,2011
DIP,2011-01-09,18860.44,10000,0.5302103238312574,413.74432409848345,100000,4635.316147485039,Sensex,2011
DIP,2011-01-02,19691.81,10000,0.5078253344918522,396.27642151737194,110000,5031.592569002412,Sensex,2011
DEC_FILL,2011-12-04,16213.46,10000,0.6167714972621513,481.29147017354717,120000,5512.8840391759595,Sensex,2011
SIP,2010-01-31,15790.93,10000,0.633274924276151,494.16975440965166,10000,494.16975440965166,Sensex,2010
SIP,2010-02-28,16994.49,10000,0.5884260133725695,459.1723552751509,20000,953.3421096848026,Sensex,2010
SIP,2010-03-28,17692.62,10000,0.565207414164776,441.05395356934133,30000,1394.3960632541439,Sensex,2010
SIP,2010-04-25,17558.71,10000,0.569517920166117,444.41761382242777,40000,1838.8136770765716,Sensex,2010
SIP,2010-05-30,17117.69,10000,0.5841909743662843,455.8675849369863,50000,2294.681262013558,Sensex,2010
SIP,2010-06-27,17460.95,10000,0.5727065251317941,446.90580982134423,60000,2741.5870718349024,Sensex,2010
SIP,2010-07-25,17868.29,10000,0.5596506436821878,436.71778329095844,70000,3178.304855125861,Sensex,2010
SIP,2010-08-29,18221.43,10000,0.5488043474085185,428.2539844567633,80000,3606.5588395826244,Sensex,2010
SIP,2010-09-26,20445.04,10000,0.4891161866154334,381.6769250634873,90000,3988.2357646461114,Sensex,2010
SIP,2010-10-31,21004.96,10000,0.4760780310936084,371.5027307835864,100000,4359.738495429699,Sensex,2010
SIP,2010-11-28,19966.93,10000,0.5008281192952547,390.8162146108591,110000,4750.554710040557,Sensex,2010
SIP,2010-12-26,20509.09,10000,0.48758867409524265,380.48494594348165,120000,5131.039655984039,Sensex,2010
DIP,2010-11-07,20156.89,10000,0.49610827860845597,387.13313412932257,10000,387.13313412932257,Sensex,2010
DIP,2010-05-16,16445.61,10000,0.6080650094462899,474.4974494713179,20000,861.6305836006404,Sensex,2010
DIP,2010-05-02,16769.11,10000,0.5963345699324532,465.3437183010905,30000,1326.974301901731,Sensex,2010
DIP,2010-01-31,15790.93,10000,0.633274924276151,494.16975440965166,40000,1821.1440563113824,Sensex,2010
DIP,2010-01-17,16859.68,10000,0.5931310677308229,462.8438973930704,50000,2283.9879537044526,Sensex,2010
DEC_FILL,2010-12-05,19508.89,10000,0.5125868258009554,399.9920036455175,60000,2683.9799573499704,Sensex,2010
DEC_FILL,2010-12-05,19508.89,10000,0.5125868258009554,399.9920036455175,70000,3083.9719609954877,Sensex,2010
DEC_FILL,2010-12-05,19508.89,10000,0.5125868258009554,399.9920036455175,80000,3483.9639646410055,Sensex,2010
DEC_FILL,2010-12-05,19508.89,10000,0.5125868258009554,399.9920036455175,90000,3883.955968286523,Sensex,2010
DEC_FILL,2010-12-05,19508.89,10000,0.5125868258009554,399.9920036455175,100000,4283.947971932041,Sensex,2010
DEC_FILL,2010-12-05,19508.89,10000,0.5125868258009554,399.9920036455175,110000,4683.9399755775585,Sensex,2010
DEC_FILL,2010-12-05,19508.89,10000,0.5125868258009554,399.9920036455175,120000,5083.931979223075,Sensex,2010
SIP,2009-01-25,9424.24,10000,1.0610935205385261,828.0137178170335,10000,828.0137178170335,Sensex,2009
SIP,2009-02-22,8891.61,10000,1.1246557147693161,877.6138404630882,20000,1705.6275582801215,Sensex,2009
SIP,2009-03-29,10348.83,10000,0.9662928079792595,754.0369297785354,30000,2459.664488058657,Sensex,2009
SIP,2009-04-26,11403.25,10000,0.8769429767829346,684.3136825027952,40000,3143.9781705614528,Sensex,2009
SIP,2009-05-31,15103.55,10000,0.6620959972986483,516.6599905320272,50000,3660.6381610934795,Sensex,2009
SIP,2009-06-28,14913.05,10000,0.6705536426150251,523.2598294782088,60000,4183.897990571689,Sensex,2009
SIP,2009-07-26,15670.31,10000,0.638149468644845,497.9735563623184,70000,4681.871546934007,Sensex,2009
SIP,2009-08-30,15689.12,10000,0.6373843784737449,497.3765258982021,80000,5179.248072832209,Sensex,2009
SIP,2009-09-27,17134.55,10000,0.583616143989775,455.41902180098106,90000,5634.66709463319,Sensex,2009
SIP,2009-10-25,15896.28,10000,0.6290779981228313,490.89472505517017,100000,6125.56181968836,Sensex,2009
SIP,2009-11-29,17101.54,10000,0.5847426606024955,456.29808777455133,110000,6581.859907462911,Sensex,2009
SIP,2009-12-27,17464.81,10000,0.5725799479066763,446.8070365494958,120000,7028.666944012408,Sensex,2009
DIP,2009-10-25,15896.28,10000,0.6290779981228313,490.89472505517017,10000,490.89472505517017,Sensex,2009
DIP,2009-08-02,15160.24,10000,0.6596201643245754,514.7279990290392,20000,1005.6227240842094,Sensex,2009
DIP,2009-07-05,13504.22,10000,0.7405092630303712,577.8489983131199,30000,1583.4717223973294,Sensex,2009
DIP,2009-06-14,14521.89,10000,0.6886156003109788,537.3542975466692,40000,2120.8260199439983,Sensex,2009
DIP,2009-03-01,8325.82,10000,1.2010828963393396,937.2530273294403,50000,3058.079047273439,Sensex,2009
DIP,2009-02-15,8843.21,10000,1.130811096875456,882.4171313357933,60000,3940.4961786092317,Sensex,2009
DIP,2009-01-18,8674.35,10000,1.1528241309147083,899.5947823179835,70000,4840.090960927216,Sensex,2009
DIP,2009-01-04,9406.47,10000,1.0630980591018735,829.577939439556,80000,5669.668900366772,Sensex,2009
DEC_FILL,2009-12-06,17119.03,10000,0.5841452465472635,455.8319016906916,90000,6125.500802057463,Sensex,2009
DEC_FILL,2009-12-06,17119.03,10000,0.5841452465472635,455.8319016906916,100000,6581.332703748155,Sensex,2009
DEC_FILL,2009-12-06,17119.03,10000,0.5841452465472635,455.8319016906916,110000,7037.164605438847,Sensex,2009
DEC_FILL,2009-12-06,17119.03,10000,0.5841452465472635,455.8319016906916,120000,7492.996507129538,Sensex,2009
SIP,2008-01-27,18242.58,10000,0.548168077103129,427.75747728665567,10000,427.75747728665567,Sensex,2008
SIP,2008-02-24,17578.72,10000,0.5688696332838795,443.91172963674256,20000,871.6692069233983,Sensex,2008
SIP,2008-03-30,15343.12,10000,0.6517579214657775,508.5927764366048,30000,1380.2619833600031,Sensex,2008
SIP,2008-04-27,17600.12,10000,0.5681779442412893,443.3719770092477,40000,1823.6339603692506,Sensex,2008
SIP,2008-05-25,16415.57,10000,0.6091777501481825,475.3657655506328,50000,2298.9997259198835,Sensex,2008
SIP,2008-06-29,13454.0,10000,0.7432733759476735,580.0059461870076,60000,2879.005672106891,Sensex,2008
SIP,2008-07-27,14656.69,10000,0.6822822888387488,532.4121612724292,70000,3411.4178333793197,Sensex,2008
SIP,2008-08-31,14483.83,10000,0.6904251154563399,538.7663345952003,80000,3950.18416797452,Sensex,2008
SIP,2008-09-28,12526.32,10000,0.7983190593885515,622.9602948032623,90000,4573.144462777782,Sensex,2008
SIP,2008-10-26,9788.06,10000,1.021652911812964,797.2366332041283,100000,5370.38109598191,Sensex,2008
SIP,2008-11-30,8965.2,10000,1.1154240842368268,870.4100298933655,110000,6240.791125875276,Sensex,2008
SIP,2008-12-28,9958.22,10000,1.004195528919827,783.6139390372979,120000,7024.405064912573,Sensex,2008
DIP,2008-12-21,9328.92,10000,1.071935443759835,836.4741041835497,10000,836.4741041835497,Sensex,2008
DIP,2008-11-16,8915.21,10000,1.1216785695457538,875.2906549593336,20000,1711.7647591428833,Sensex,2008
DIP,2008-11-09,9385.42,10000,1.0654824184746128,831.4385504324794,30000,2543.2033095753623,Sensex,2008
DIP,2008-10-19,8701.07,10000,1.149283938642029,896.832228679921,40000,3440.035538255284,Sensex,2008
DIP,2008-10-12,9975.35,10000,1.0024710912399064,782.2682913381486,50000,4222.303829593432,Sensex,2008
DIP,2008-10-05,10527.85,10000,0.9498615576779684,741.2149679184259,60000,4963.518797511858,Sensex,2008
DIP,2008-09-28,12526.32,10000,0.7983190593885515,622.9602948032623,70000,5586.4790923151195,Sensex,2008
DIP,2008-09-21,13102.18,10000,0.7632317675379211,595.5802774805413,80000,6182.059369795662,Sensex,2008
DIP,2008-09-07,14000.81,10000,0.7142443901459987,557.3534674065287,90000,6739.41283720219,Sensex,2008
DIP,2008-06-22,13802.22,10000,0.7245211277606066,565.3728168367118,100000,7304.785654038901,Sensex,2008
DIP,2008-06-15,14571.29,10000,0.6862810362020109,535.5325437898772,110000,7840.318197828779,Sensex,2008
DIP,2008-06-01,15572.18,10000,0.6421708457004736,501.11159773390756,120000,8341.429795562686,Sensex,2008
SIP,2007-01-28,14403.77,10000,0.6942626826171203,541.7609417534437,10000,541.7609417534437,Sensex,2007
SIP,2007-02-25,12886.13,10000,0.7760281791352408,605.5658293063939,20000,1147.3267710598375,Sensex,2007
SIP,2007-03-25,13072.1,10000,0.7649880279373628,596.9507577206417,30000,1744.277528780479,Sensex,2007
SIP,2007-04-29,13934.27,10000,0.7176551050037067,560.0149846385925,40000,2304.292513419072,Sensex,2007
SIP,2007-05-27,14570.75,10000,0.6863064701542474,535.5523909201654,50000,2839.844904339237,Sensex,2007
SIP,2007-06-24,14650.51,10000,0.6825700948294633,532.6367477992234,60000,3372.4816521384605,Sensex,2007
SIP,2007-07-29,15138.4,10000,0.6605717909422396,515.4705913438672,70000,3887.952243482328,Sensex,2007
SIP,2007-08-26,15318.6,10000,0.6528011698196963,509.4068648571018,80000,4397.359108339429,Sensex,2007
SIP,2007-09-30,17773.36,10000,0.5626398159942746,439.05035401297226,90000,4836.409462352402,Sensex,2007
SIP,2007-10-28,19976.23,10000,0.5005949571065211,390.63426882850274,100000,5227.0437311809055,Sensex,2007
SIP,2007-11-25,19363.19,10000,0.5164438297615218,403.0017781161059,110000,5630.0455092970105,Sensex,2007
SIP,2007-12-30,20686.89,10000,0.48339793946794324,377.21474808441485,120000,6007.260257381426,Sensex,2007
DIP,2007-12-16,19162.57,10000,0.5218506703432786,407.220952095674,10000,407.220952095674,Sensex,2007
DIP,2007-11-18,18852.87,10000,0.5304232193825131,413.9104550129503,20000,821.1314071086243,Sensex,2007
DIP,2007-11-04,18907.6,10000,0.5288878546193065,412.7123484736297,30000,1233.843755582254,Sensex,2007
DIP,2007-10-14,17559.98,10000,0.5694767306113105,444.38547196523007,40000,1678.229227547484,Sensex,2007
DIP,2007-08-12,14141.52,10000,0.7071375637130944,551.8077264678761,50000,2230.03695401536,Sensex,2007
DIP,2007-06-03,14063.81,10000,0.711044873330911,554.8567564550432,60000,2784.893710470403,Sensex,2007
DIP,2007-03-11,12430.4,10000,0.8044793409705239,627.7674089329387,70000,3412.6611194033417,Sensex,2007
DIP,2007-02-25,12886.13,10000,0.7760281791352408,605.5658293063939,80000,4018.226948709736,Sensex,2007
DIP,2007-02-18,13632.53,10000,0.7335395557537742,572.4102569369002,90000,4590.637205646636,Sensex,2007
DEC_FILL,2007-12-02,19966.0,10000,0.5008514474606831,390.8344185114695,100000,4981.471624158105,Sensex,2007
DEC_FILL,2007-12-02,19966.0,10000,0.5008514474606831,390.8344185114695,110000,5372.306042669574,Sensex,2007
DEC_FILL,2007-12-02,19966.0,10000,0.5008514474606831,390.8344185114695,120000,5763.140461181043,Sensex,2007
SIP,2006-01-29,9742.58,10000,1.026422159222711,800.9582677278503,10000,800.9582677278503,Sensex,2006
SIP,2006-02-26,10595.43,10000,0.9438031302174616,736.4873346338941,20000,1537.4456023617442,Sensex,2006
SIP,2006-03-26,11279.96,10000,0.8865279664112284,691.793233309338,30000,2229.238835671082,Sensex,2006
SIP,2006-04-30,12359.7,10000,0.8090811265645605,631.3583663033892,40000,2860.5972019744713,Sensex,2006
SIP,2006-05-28,10451.33,10000,0.9568160224583857,746.6418149651768,50000,3607.2390169396485,Sensex,2006
SIP,2006-06-25,10609.25,10000,0.9425736974809718,735.5279590923016,60000,4342.76697603195,Sensex,2006
SIP,2006-07-30,10866.51,10000,0.9202586663059252,718.1146476651658,70000,5060.881623697116,Sensex,2006
SIP,2006-08-27,11778.02,10000,0.849039142402543,662.5392043824004,80000,5723.420828079517,Sensex,2006
SIP,2006-09-24,12454.42,10000,0.8029277959150245,626.5566762643302,90000,6349.977504343848,Sensex,2006
SIP,2006-10-29,13130.79,10000,0.7615688012678596,594.2825983813616,100000,6944.260102725209,Sensex,2006
SIP,2006-11-26,13844.78,10000,0.7222938898270683,563.6348139876545,110000,7507.894916712863,Sensex,2006
SIP,2006-12-31,13860.52,10000,0.7214736532251315,562.9947505576991,120000,8070.889667270563,Sensex,2006
DIP,2006-07-16,10085.91,10000,0.991482176620652,773.6932017041596,10000,773.6932017041596,Sensex,2006
DIP,2006-06-04,9810.46,10000,1.019320194975567,795.416320947234,20000,1569.1095226513937,Sensex,2006
DIP,2006-05-28,10451.33,10000,0.9568160224583857,746.6418149651768,30000,2315.7513376165703,Sensex,2006
DIP,2006-05-14,10938.61,10000,0.9141929367625319,713.3813162732741,40000,3029.1326538898447,Sensex,2006
DIP,2006-04-09,11237.23,10000,0.8898990231578423,694.4238037309907,50000,3723.5564576208353,Sensex,2006
DEC_FILL,2006-12-03,13799.49,10000,0.7246644622373726,565.4846664623113,60000,4289.041124083146,Sensex,2006
DEC_FILL,2006-12-03,13799.49,10000,0.7246644622373726,565.4846664623113,70000,4854.525790545458,Sensex,2006
DEC_FILL,2006-12-03,13799.49,10000,0.7246644622373726,565.4846664623113,80000,5420.010457007769,Sensex,2006
DEC_FILL,2006-12-03,13799.49,10000,0.7246644622373726,565.4846664623113,90000,5985.49512347008,Sensex,2006
DEC_FILL,2006-12-03,13799.49,10000,0.7246644622373726,565.4846664623113,100000,6550.979789932392,Sensex,2006
DEC_FILL,2006-12-03,13799.49,10000,0.7246644622373726,565.4846664623113,110000,7116.464456394704,Sensex,2006
DEC_FILL,2006-12-03,13799.49,10000,0.7246644622373726,565.4846664623113,120000,7681.949122857015,Sensex,2006
SIP,2005-01-30,6618.23,10000,1.5109780107370099,1179.0765808985184,10000,1179.0765808985184,Sensex,2005
SIP,2005-02-27,6849.48,10000,1.4599648440465554,1139.2689664032891,20000,2318.3455473018075,Sensex,2005
SIP,2005-03-27,6605.04,10000,1.5139953732301394,1181.4311495464071,30000,3499.776696848214,Sensex,2005
SIP,2005-04-24,6154.44,10000,1.6248432026309463,1267.9301447410326,40000,4767.706841589246,Sensex,2005
SIP,2005-05-29,6748.85,10000,1.4817339250390806,1156.2562510649961,50000,5923.963092654242,Sensex,2005
SIP,2005-06-26,7210.77,10000,1.3868144456139913,1082.186784490422,60000,7006.149877144665,Sensex,2005
SIP,2005-07-31,7754.0,10000,1.2896569512509672,1006.3709053391798,70000,8012.520782483844,Sensex,2005
SIP,2005-08-28,7899.77,10000,1.2658596389515138,987.8009106594243,80000,9000.321693143267,Sensex,2005
SIP,2005-09-25,8634.48,10000,1.1581473348713531,903.7486912935117,90000,9904.07038443678,Sensex,2005
SIP,2005-10-30,8072.75,10000,1.238735251308414,966.6346660060078,100000,10870.705050442788,Sensex,2005
SIP,2005-11-27,8961.61,10000,1.1158709205153985,870.7587141149861,110000,11741.463764557773,Sensex,2005
SIP,2005-12-25,9397.93,10000,1.0640641077343627,830.3317858294326,120000,12571.795550387207,Sensex,2005
DIP,2005-10-23,7685.64,10000,1.301127817592289,1015.3220811799667,10000,1015.3220811799667,Sensex,2005
DIP,2005-10-09,8201.73,10000,1.2192549620628819,951.4334170961492,20000,1966.755498276116,Sensex,2005
DIP,2005-04-24,6154.44,10000,1.6248432026309463,1267.9301447410326,30000,3234.685643017149,Sensex,2005
DIP,2005-04-10,6248.34,10000,1.600425072899362,1248.8757013862883,40000,4483.561344403438,Sensex,2005
DIP,2005-03-20,6442.87,10000,1.5521033328314866,1211.1683147417223,50000,5694.7296591451595,Sensex,2005
DIP,2005-01-09,6173.82,10000,1.6197427200663448,1263.9500341765715,60000,6958.679693321731,Sensex,2005
DEC_FILL,2005-12-04,9067.28,10000,1.1028665707907994,860.6108998508925,70000,7819.290593172624,Sensex,2005
DEC_FILL,2005-12-04,9067.28,10000,1.1028665707907994,860.6108998508925,80000,8679.901493023517,Sensex,2005
DEC_FILL,2005-12-04,9067.28,10000,1.1028665707907994,860.6108998508925,90000,9540.512392874409,Sensex,2005
DEC_FILL,2005-12-04,9067.28,10000,1.1028665707907994,860.6108998508925,100000,10401.123292725302,Sensex,2005
DEC_FILL,2005-12-04,9067.28,10000,1.1028665707907994,860.6108998508925,110000,11261.734192576196,Sensex,2005
DEC_FILL,2005-12-04,9067.28,10000,1.1028665707907994,860.6108998508925,120000,12122.34509242709,Sensex,2005
SIP,2004-01-25,5695.67,10000,1.75571969583912,1370.058307451099,10000,1370.058307451099,Sensex,2004
SIP,2004-02-29,5880.35,10000,1.7005790471655597,1327.029853665173,20000,2697.0881611162717,Sensex,2004
SIP,2004-03-28,5788.08,10000,1.727688629044519,1348.1845447886,30000,4045.272705904872,Sensex,2004
SIP,2004-04-25,5655.09,10000,1.7683184529335518,1379.8896215621678,40000,5425.16232746704,Sensex,2004
SIP,2004-05-30,4889.0,10000,2.045408058907752,1596.1137246880753,50000,7021.276052155115,Sensex,2004
SIP,2004-06-27,4870.58,10000,2.0531435681171444,1602.1500519445326,60000,8623.426104099648,Sensex,2004
SIP,2004-07-25,5170.32,10000,1.9341162635968374,1509.2682851351562,70000,10132.694389234804,Sensex,2004
SIP,2004-08-29,5218.46,10000,1.9162741498449734,1495.3453700900266,80000,11628.03975932483,Sensex,2004
SIP,2004-09-26,5675.54,10000,1.7619468808254368,1374.9176289833215,90000,13002.957388308154,Sensex,2004
SIP,2004-10-31,5891.36,10000,1.6974009396811602,1324.5498492707966,100000,14327.50723757895,Sensex,2004
SIP,2004-11-28,6322.76,10000,1.581587787611739,1234.1762141849445,110000,15561.683451763894,Sensex,2004
SIP,2004-12-26,6602.69,10000,1.5145342277162794,1181.8516392561216,120000,16743.535091020014,Sensex,2004
DIP,2004-05-09,5069.87,10000,1.972437163083077,1539.1716158402485,10000,1539.1716158402485,Sensex,2004
DIP,2004-04-25,5655.09,10000,1.7683184529335518,1379.8896215621678,20000,2919.0612374024163,Sensex,2004
DIP,2004-03-14,5443.44,10000,1.8370736152139089,1433.5420248960218,30000,4352.6032622984385,Sensex,2004
DIP,2004-03-07,5700.4,10000,1.7542628587467548,1368.9214791944428,40000,5721.524741492881,Sensex,2004
DIP,2004-02-22,5667.51,10000,1.7644432916748272,1376.8656782255348,50000,7098.390419718415,Sensex,2004
DEC_FILL,2004-12-05,6233.54,10000,1.6042248866615119,1251.8408480574442,60000,8350.23126777586,Sensex,2004
DEC_FILL,2004-12-05,6233.54,10000,1.6042248866615119,1251.8408480574442,70000,9602.072115833304,Sensex,2004
DEC_FILL,2004-12-05,6233.54,10000,1.6042248866615119,1251.8408480574442,80000,10853.912963890749,Sensex,2004
DEC_FILL,2004-12-05,6233.54,10000,1.6042248866615119,1251.8408480574442,90000,12105.753811948194,Sensex,2004
DEC_FILL,2004-12-05,6233.54,10000,1.6042248866615119,1251.8408480574442,100000,13357.594660005638,Sensex,2004
DEC_FILL,2004-12-05,6233.54,10000,1.6042248866615119,1251.8408480574442,110000,14609.435508063081,Sensex,2004
DEC_FILL,2004-12-05,6233.54,10000,1.6042248866615119,1251.8408480574442,120000,15861.276356120527,Sensex,2004
SIP,2003-01-26,3250.38,10000,3.076563355669183,2400.7654489628903,10000,2400.7654489628903,Sensex,2003
SIP,2003-02-23,3283.66,10000,3.045382286838467,2376.4336137115292,20000,4777.19906267442,Sensex,2003
SIP,2003-03-30,3167.7,10000,3.156864602077217,2463.427723584936,30000,7240.626786259356,Sensex,2003
SIP,2003-04-27,2966.63,10000,3.370828178775243,2630.392061025473,40000,9871.01884728483,Sensex,2003
SIP,2003-05-25,3180.75,10000,3.143912599229741,2453.3207576829363,50000,12324.339604967767,Sensex,2003
SIP,2003-06-29,3622.34,10000,2.760646432968744,2154.24283750283,60000,14478.582442470597,Sensex,2003
SIP,2003-07-27,3815.31,10000,2.6210189997667293,2045.2859662779697,70000,16523.868408748567,Sensex,2003
SIP,2003-08-31,4369.17,10000,2.2887642275306295,1786.0142773112514,80000,18309.882686059816,Sensex,2003
SIP,2003-09-28,4552.92,10000,2.1963926447203113,1713.9330363810477,90000,20023.815722440864,Sensex,2003
SIP,2003-10-26,4906.87,10000,2.0379590247958475,1590.3009454091916,100000,21614.116667850056,Sensex,2003
SIP,2003-11-30,5131.72,10000,1.9486643854302261,1520.6207665266227,110000,23134.73743437668,Sensex,2003
SIP,2003-12-28,6026.59,10000,1.6593131439172069,1294.8284187243532,120000,24429.56585310103,Sensex,2003
DIP,2003-10-19,4757.37,10000,2.1020017362534342,1640.276034868005,10000,1640.276034868005,Sensex,2003
DIP,2003-04-06,2997.87,10000,3.3357016815272176,2602.981450162949,20000,4243.257485030954,Sensex,2003
DIP,2003-03-02,3153.06,10000,3.1715222672578385,2474.8656860319816,30000,6718.123171062935,Sensex,2003
DEC_FILL,2003-12-07,5315.81,10000,1.881180854846204,1467.9606682706867,40000,8186.083839333622,Sensex,2003
DEC_FILL,2003-12-07,5315.81,10000,1.881180854846204,1467.9606682706867,50000,9654.044507604309,Sensex,2003
DEC_FILL,2003-12-07,5315.81,10000,1.881180854846204,1467.9606682706867,60000,11122.005175874994,Sensex,2003
DEC_FILL,2003-12-07,5315.81,10000,1.881180854846204,1467.9606682706867,70000,12589.965844145683,Sensex,2003
DEC_FILL,2003-12-07,5315.81,10000,1.881180854846204,1467.9606682706867,80000,14057.926512416368,Sensex,2003
DEC_FILL,2003-12-07,5315.81,10000,1.881180854846204,1467.9606682706867,90000,15525.887180687056,Sensex,2003
DEC_FILL,2003-12-07,5315.81,10000,1.881180854846204,1467.9606682706867,100000,16993.847848957743,Sensex,2003
DEC_FILL,2003-12-07,5315.81,10000,1.881180854846204,1467.9606682706867,110000,18461.808517228426,Sensex,2003
DEC_FILL,2003-12-07,5315.81,10000,1.881180854846204,1467.9606682706867,120000,19929.769185499114,Sensex,2003
SIP,2002-01-27,3333.92,10000,2.9994720929116476,2340.6080529826754,10000,2340.6080529826754,Sensex,2002
SIP,2002-02-24,3678.75,10000,2.7183146449201496,2121.2096500169896,20000,4461.817702999665,Sensex,2002
SIP,2002-03-31,3500.57,10000,2.8566776267864946,2229.179819286573,30000,6690.997522286239,Sensex,2002
SIP,2002-04-28,3380.61,10000,2.958046033112367,2308.2816414789045,40000,8999.279163765143,Sensex,2002
SIP,2002-05-26,3125.73,10000,3.1992526545798903,2496.504816474872,50000,11495.783980240014,Sensex,2002
SIP,2002-06-30,3330.61,10000,3.0024530041043533,2342.9341772227913,60000,13838.718157462805,Sensex,2002
SIP,2002-07-28,2985.01,10000,3.350072529070254,2614.195597334682,70000,16452.913754797486,Sensex,2002
SIP,2002-08-25,3181.23,10000,3.143438229867064,2452.9505882944645,80000,18905.86434309195,Sensex,2002
SIP,2002-09-29,2930.51,10000,3.412375320336733,2662.8129574715663,90000,21568.67730056352,Sensex,2002
SIP,2002-10-27,2950.58,10000,3.389164164333792,2644.7003639962313,100000,24213.37766455975,Sensex,2002
SIP,2002-11-24,3228.82,10000,3.0971066829368,2416.7962289629027,110000,26630.173893522653,Sensex,2002
SIP,2002-12-29,3357.54,10000,2.978371069294781,2324.1420802134894,120000,28954.315973736142,Sensex,2002
DIP,2002-10-20,2875.53,10000,3.477619777919201,2713.7258175014695,10000,2713.7258175014695,Sensex,2002
DIP,2002-09-29,2930.51,10000,3.412375320336733,2662.8129574715663,20000,5376.538774973035,Sensex,2002
DIP,2002-07-21,3024.35,10000,3.306495610627077,2580.190784796733,30000,7956.729559769769,Sensex,2002
DIP,2002-05-26,3125.73,10000,3.1992526545798903,2496.504816474872,40000,10453.234376244642,Sensex,2002
DIP,2002-04-14,3364.4,10000,2.9722981809535134,2319.4031625252646,50000,12772.637538769904,Sensex,2002
DEC_FILL,2002-12-01,3306.29,10000,3.0245380774221258,2360.168043335582,60000,15132.805582105486,Sensex,2002
DEC_FILL,2002-12-01,3306.29,10000,3.0245380774221258,2360.168043335582,70000,17492.973625441067,Sensex,2002
DEC_FILL,2002-12-01,3306.29,10000,3.0245380774221258,2360.168043335582,80000,19853.14166877665,Sensex,2002
DEC_FILL,2002-12-01,3306.29,10000,3.0245380774221258,2360.168043335582,90000,22213.30971211223,Sensex,2002
DEC_FILL,2002-12-01,3306.29,10000,3.0245380774221258,2360.168043335582,100000,24573.477755447813,Sensex,2002
DEC_FILL,2002-12-01,3306.29,10000,3.0245380774221258,2360.168043335582,110000,26933.645798783393,Sensex,2002
DEC_FILL,2002-12-01,3306.29,10000,3.0245380774221258,2360.168043335582,120000,29293.813842118976,Sensex,2002
SIP,2001-01-28,4352.26,10000,2.297656849544834,1792.9535459738158,10000,1792.9535459738158,Sensex,2001
SIP,2001-02-25,4095.16,10000,2.4419070317154885,1905.5177331288644,20000,3698.47127910268,Sensex,2001
SIP,2001-03-25,3604.38,10000,2.7744022550341527,2164.977055693351,30000,5863.44833479603,Sensex,2001
SIP,2001-04-29,3514.59,10000,2.8452820954933578,2220.2874303972867,40000,8083.735765193317,Sensex,2001
SIP,2001-05-27,3557.64,10000,2.8108521379341362,2193.420357315524,50000,10277.15612250884,Sensex,2001
SIP,2001-06-24,3456.78,10000,2.892865614820729,2257.4187538692076,60000,12534.574876378048,Sensex,2001
SIP,2001-07-29,3325.38,10000,3.0071751198359284,2346.6190330127683,70000,14881.193909390817,Sensex,2001
SIP,2001-08-26,3244.95,10000,3.0817115826129835,2404.7828163762156,80000,17285.976725767032,Sensex,2001
SIP,2001-09-30,2812.9,10000,3.5550499484517757,2774.1476767748586,90000,20060.12440254189,Sensex,2001
SIP,2001-10-28,3052.6,10000,3.2758959575443884,2556.312651510188,100000,22616.437054052076,Sensex,2001
SIP,2001-11-25,3287.56,10000,3.0417695798707856,2373.614473956369,110000,24990.051528008447,Sensex,2001
SIP,2001-12-30,3375.74,10000,2.9623134483105926,2311.611676254688,120000,27301.66320426314,Sensex,2001
DIP,2001-12-16,3235.49,10000,3.0907219617430437,2411.813975626567,10000,2411.813975626567,Sensex,2001
DIP,2001-09-16,2600.12,10000,3.8459763395535593,3001.1691768072246,20000,5412.9831524337915,Sensex,2001
DIP,2001-09-09,2830.12,10000,3.533419077636284,2757.268243042698,30000,8170.251395476489,Sensex,2001
DIP,2001-07-15,3340.75,10000,2.9933398189029408,2335.8227942827207,40000,10506.07418975921,Sensex,2001
DIP,2001-07-01,3305.78,10000,3.0250046887572672,2360.532158824846,50000,12866.606348584055,Sensex,2001
DIP,2001-06-10,3372.94,10000,2.964772572295979,2313.5306290654444,60000,15180.136977649498,Sensex,2001
DIP,2001-04-22,3422.76,10000,2.92161881055055,2279.856022625016,70000,17459.993000274513,Sensex,2001
DIP,2001-04-08,3183.77,10000,3.140930406404985,2450.993633334066,80000,19910.986633608576,Sensex,2001
DIP,2001-03-11,3745.74,10000,2.6696994452364553,2083.2732650958155,90000,21994.259898704393,Sensex,2001
DIP,2001-03-04,3881.96,10000,2.5760183000340033,2010.1701202485342,100000,24004.430018952928,Sensex,2001
DIP,2001-02-18,4122.16,10000,2.425912628330778,1893.0366603916393,110000,25897.466679344565,Sensex,2001
DIP,2001-01-07,4036.58,10000,2.477344682875107,1933.171149834761,120000,27830.637829179323,Sensex,2001
SIP,2000-01-30,5313.59,10000,1.881966805869478,1468.5739772921886,10000,1468.5739772921886,Sensex,2000
SIP,2000-02-27,5378.27,10000,1.8593339493926484,1450.9126540690593,20000,2919.486631361248,Sensex,2000
SIP,2000-03-26,5001.28,10000,1.9994881310384542,1560.2805681745474,30000,4479.767199535795,Sensex,2000
SIP,2000-04-30,4693.88,10000,2.1304336710780847,1662.4626108890727,40000,6142.229810424868,Sensex,2000
SIP,2000-05-28,4453.47,10000,2.245440072572623,1752.2067062313206,50000,7894.436516656189,Sensex,2000
SIP,2000-06-25,4748.77,10000,2.105808451451639,1643.246567005772,60000,9537.683083661961,Sensex,2000
SIP,2000-07-30,4186.16,10000,2.3888241252126052,1864.0950178684045,70000,11401.778101530366,Sensex,2000
SIP,2000-08-27,4477.31,10000,2.233483944600664,1742.8768613296822,80000,13144.654962860048,Sensex,2000
SIP,2000-09-24,4090.38,10000,2.4447606334863754,1907.7445127347582,90000,15052.399475594806,Sensex,2000
SIP,2000-10-29,3935.7,10000,2.5408440683995224,1982.7222603348835,100000,17035.12173592969,Sensex,2000
SIP,2000-11-26,4031.96,10000,2.4801833351521343,1935.3862637526165,110000,18970.507999682304,Sensex,2000
SIP,2000-12-31,4183.73,10000,2.3902116054334295,1865.1777241839225,120000,20835.685723866227,Sensex,2000
DIP,2000-12-17,3905.9,10000,2.560229396553931,1997.8494073068946,10000,1997.8494073068946,Sensex,2000
DIP,2000-10-08,3738.93,10000,2.6745619736127715,2087.06769048899,20000,4084.9170977958847,Sensex,2000
DIP,2000-09-17,4032.37,10000,2.4799311571110785,1935.1894791400591,30000,6020.106576935944,Sensex,2000
DIP,2000-07-23,4276.7,10000,2.3382514555615312,1824.6311408328854,40000,7844.737717768829,Sensex,2000
DIP,2000-07-16,4463.66,10000,2.240314002410578,1748.2066286410707,50000,9592.9443464099,Sensex,2000
DIP,2000-05-07,4107.14,10000,2.434784302458645,1899.959582580579,60000,11492.90392899048,Sensex,2000
DIP,2000-04-16,4657.42,10000,2.147111490911277,1675.4769808177061,70000,13168.380909808186,Sensex,2000
DIP,2000-03-12,5102.41,10000,1.959858184661758,1529.3557358189562,80000,14697.736645627143,Sensex,2000
DIP,2000-02-27,5378.27,10000,1.8593339493926484,1450.9126540690593,90000,16148.649299696202,Sensex,2000
DIP,2000-02-13,5721.65,10000,1.74774759029301,1363.8373546092475,100000,17512.48665430545,Sensex,2000
DEC_FILL,2000-12-03,4156.08,10000,2.406113453061539,1877.5865719620413,110000,19390.07322626749,Sensex,2000
DEC_FILL,2000-12-03,4156.08,10000,2.406113453061539,1877.5865719620413,120000,21267.659798229535,Sensex,2000
SIP,1999-01-31,3215.35,10000,3.1100813286267437,2426.9208639805934,10000,2426.9208639805934,Sensex,1999
SIP,1999-02-28,3649.06,10000,2.74043178243164,2138.4685371027063,20000,4565.389401083299,Sensex,1999
SIP,1999-03-28,3686.29,10000,2.7127545581058463,2116.8708918723164,30000,6682.260292955615,Sensex,1999
SIP,1999-04-25,3325.69,10000,3.006894809798869,2346.4002958784495,40000,9028.660588834064,Sensex,1999
SIP,1999-05-30,4042.52,10000,2.4737045209423827,1930.330585872179,50000,10958.991174706243,Sensex,1999
SIP,1999-06-27,4194.55,10000,2.3840459644061935,1860.366427864729,60000,12819.357602570972,Sensex,1999
SIP,1999-07-25,4542.34,10000,2.201508473606115,1717.9251222937958,70000,14537.282724864768,Sensex,1999
SIP,1999-08-29,4709.93,10000,2.1231738051308615,1656.7974470958166,80000,16194.080171960584,Sensex,1999
SIP,1999-09-26,4702.31,10000,2.126614366130689,1659.4822544664219,90000,17853.562426427005,Sensex,1999
SIP,1999-10-31,4598.45,10000,2.1746458045645816,1696.9631071339256,100000,19550.52553356093,Sensex,1999
SIP,1999-11-28,4714.14,10000,2.121277687977022,1655.3178310359895,110000,21205.843364596916,Sensex,1999
SIP,1999-12-26,5005.82,10000,1.9976747066414695,1558.8654805806043,120000,22764.70884517752,Sensex,1999
DIP,1999-10-24,4444.56,10000,2.24994150152096,1755.719351296866,10000,1755.719351296866,Sensex,1999
DIP,1999-08-29,4709.93,10000,2.1231738051308615,1656.7974470958166,20000,3412.5167983926826,Sensex,1999
DIP,1999-05-23,3773.32,10000,2.6501860430602227,2068.0461768416144,30000,5480.562975234297,Sensex,1999
DIP,1999-04-18,3406.59,10000,2.935486806454548,2290.677774548742,40000,7771.240749783039,Sensex,1999
DIP,1999-04-04,3441.19,10000,2.9059714807958876,2267.645785324263,50000,10038.886535107302,Sensex,1999
DIP,1999-02-21,3233.86,10000,3.0922798142158285,2413.0296302251795,60000,12451.916165332483,Sensex,1999
DIP,1999-01-31,3215.35,10000,3.1100813286267437,2426.9208639805934,70000,14878.837029313074,Sensex,1999
DIP,1999-01-10,3207.85,10000,3.117352744049753,2432.5950402917842,80000,17311.43206960486,Sensex,1999
DEC_FILL,1999-12-05,4791.46,10000,2.087046536963681,1628.605894654239,90000,18940.037964259096,Sensex,1999
DEC_FILL,1999-12-05,4791.46,10000,2.087046536963681,1628.605894654239,100000,20568.643858913336,Sensex,1999
DEC_FILL,1999-12-05,4791.46,10000,2.087046536963681,1628.605894654239,110000,22197.249753567572,Sensex,1999
DEC_FILL,1999-12-05,4791.46,10000,2.087046536963681,1628.605894654239,120000,23825.855648221812,Sensex,1999
SIP,1998-01-25,3224.36,10000,3.101390663573546,2420.139190412981,10000,2420.139190412981,Sensex,1998
SIP,1998-02-22,3622.22,10000,2.7607378900232455,2154.3142051007394,20000,4574.45339551372,Sensex,1998
SIP,1998-03-29,4076.05,10000,2.4533555770905657,1914.4514910268522,30000,6488.904886540573,Sensex,1998
SIP,1998-04-26,4006.81,10000,2.4957509839498253,1947.5343228154068,40000,8436.43920935598,Sensex,1998
SIP,1998-05-31,3417.89,10000,2.9257816957245555,2283.1044884416997,50000,10719.54369779768,Sensex,1998
SIP,1998-06-28,3089.02,10000,3.237272662527274,2526.173349476533,60000,13245.717047274213,Sensex,1998
SIP,1998-07-26,3211.31,10000,3.1139939775356473,2429.9740604301674,70000,15675.691107704379,Sensex,1998
SIP,1998-08-30,2975.1,10000,3.3612315552418406,2622.903431817418,80000,18298.594539521797,Sensex,1998
SIP,1998-09-27,3102.29,10000,3.2234252761669606,2515.367680004126,90000,20813.96221952592,Sensex,1998
SIP,1998-10-25,2812.49,10000,3.555568197575814,2774.5520872963107,100000,23588.51430682223,Sensex,1998
SIP,1998-11-29,2849.82,10000,3.508993550469854,2738.208027173646,110000,26326.722333995876,Sensex,1998
SIP,1998-12-27,3060.34,10000,3.2676107883437786,2549.8474025761843,120000,28876.569736572063,Sensex,1998
DIP,1998-12-13,2875.09,10000,3.478151988285584,2714.141122538773,10000,2714.141122538773,Sensex,1998
DIP,1998-11-22,2783.1,10000,3.5931155905285475,2803.8518199130467,20000,5517.9929424518195,Sensex,1998
DIP,1998-10-04,2916.66,10000,3.4285792653240352,2675.4575439029577,30000,8193.450486354777,Sensex,1998
DIP,1998-09-27,3102.29,10000,3.2234252761669606,2515.367680004126,40000,10708.818166358904,Sensex,1998
DIP,1998-08-09,2968.75,10000,3.3684210526315788,2628.513684210526,50000,13337.331850569431,Sensex,1998
DIP,1998-08-02,3062.25,10000,3.2655726998122296,2548.2570005714756,60000,15885.588851140905,Sensex,1998
DIP,1998-07-19,3171.3,10000,3.153280988868918,2460.6312868539717,70000,18346.22013799488,Sensex,1998
DIP,1998-06-14,3143.1,10000,3.181572333046992,2482.7081543698896,80000,20828.92829236477,Sensex,1998
DIP,1998-05-31,3417.89,10000,2.9257816957245555,2283.1044884416997,90000,23112.03278080647,Sensex,1998
DIP,1998-05-24,3686.39,10000,2.712680969729193,2116.8134679184786,100000,25228.84624872495,Sensex,1998
DIP,1998-05-10,3849.8,10000,2.597537534417372,2026.9624396072522,110000,27255.8086883322,Sensex,1998
DIP,1998-04-19,4050.98,10000,2.468538477109243,1926.2993152274266,120000,29182.108003559624,Sensex,1998
SIP,1997-01-26,3382.47,10000,2.956419421310463,2307.012331225407,10000,2307.012331225407,Sensex,1997
SIP,1997-02-23,3651.91,10000,2.7382931123713345,2136.7996473078474,20000,4443.811978533254,Sensex,1997
SIP,1997-03-30,3550.37,10000,2.816607846506139,2197.9117669426005,30000,6641.723745475854,Sensex,1997
SIP,1997-04-27,3801.71,10000,2.6303952694971473,2052.602644599404,40000,8694.326390075257,Sensex,1997
SIP,1997-05-25,3755.1,10000,2.6630449255678945,2078.0804772176507,50000,10772.40686729291,Sensex,1997
SIP,1997-06-29,4323.82,10000,2.3127697267693845,1804.7467285872217,60000,12577.15359588013,Sensex,1997
SIP,1997-07-27,4347.32,10000,2.3002677511662357,1794.9909369450604,70000,14372.14453282519,Sensex,1997
SIP,1997-08-31,4032.35,10000,2.4799434572891736,1935.1990774610338,80000,16307.343610286225,Sensex,1997
SIP,1997-09-28,3847.73,10000,2.598934956454845,2028.0529039199737,90000,18335.396514206197,Sensex,1997
SIP,1997-10-26,3803.24,10000,2.629337091532483,2051.776906006458,100000,20387.173420212657,Sensex,1997
SIP,1997-11-30,3469.08,10000,2.88260864551985,2249.4148304449595,110000,22636.588250657616,Sensex,1997
SIP,1997-12-28,3719.85,10000,2.6882804414156487,2097.7727596542873,120000,24734.361010311903,Sensex,1997
DIP,1997-12-07,3329.27,10000,3.003661463323792,2343.877186290088,10000,2343.877186290088,Sensex,1997
DIP,1997-11-09,3569.77,10000,2.801300924149175,2185.967163150567,20000,4529.844349440656,Sensex,1997
DIP,1997-10-26,3803.24,10000,2.629337091532483,2051.776906006458,30000,6581.621255447113,Sensex,1997
DIP,1997-10-19,3957.46,10000,2.5268732975191157,1971.820308986067,40000,8553.44156443318,Sensex,1997
DIP,1997-09-14,3825.12,10000,2.614297067804409,2040.0405738904924,50000,10593.482138323672,Sensex,1997
DIP,1997-08-24,3876.08,10000,2.5799261109161833,2013.2195413923346,60000,12606.701679716007,Sensex,1997
DIP,1997-08-17,4047.67,10000,2.4705571353395905,1927.874554990896,70000,14534.576234706903,Sensex,1997
DIP,1997-07-13,4124.81,10000,2.4243540914611823,1891.820471730819,80000,16426.39670643772,Sensex,1997
DIP,1997-03-30,3550.37,10000,2.816607846506139,2197.9117669426005,90000,18624.308473380323,Sensex,1997
DIP,1997-03-09,3745.31,10000,2.670005954113278,2083.5124462327553,100000,20707.820919613077,Sensex,1997
DEC_FILL,1997-12-07,3329.27,10000,3.003661463323792,2343.877186290088,110000,23051.698105903164,Sensex,1997
DEC_FILL,1997-12-07,3329.27,10000,3.003661463323792,2343.877186290088,120000,25395.575292193254,Sensex,1997
SIP,1996-01-28,3172.83,10000,3.151760415780234,2459.444722849948,10000,2459.444722849948,Sensex,1996
SIP,1996-02-25,3417.81,10000,2.9258501789157383,2283.1579286151073,20000,4742.602651465056,Sensex,1996
SIP,1996-03-31,3443.86,10000,2.9037185019135503,2265.88769578322,30000,7008.490347248276,Sensex,1996
SIP,1996-04-28,3785.51,10000,2.6416519834843917,2061.3867087922104,40000,9069.877056040486,Sensex,1996
SIP,1996-05-26,3724.97,10000,2.684585379211108,2094.889354813596,50000,11164.766410854081,Sensex,1996
SIP,1996-06-30,3707.01,10000,2.697591859746804,2105.038831834821,60000,13269.805242688903,Sensex,1996
SIP,1996-07-28,3511.63,10000,2.8476804219123313,2222.158940435069,70000,15491.964183123973,Sensex,1996
SIP,1996-08-25,3514.61,10000,2.8452659043250885,2220.2747957810398,80000,17712.238978905014,Sensex,1996
SIP,1996-09-29,3101.27,10000,3.22448545273388,2516.1949781863564,90000,20228.43395709137,Sensex,1996
SIP,1996-10-27,3148.57,10000,3.1760449982055343,2478.3949538997067,100000,22706.828910991077,Sensex,1996
SIP,1996-11-24,2890.5,10000,3.459609064175748,2699.6713371389033,110000,25406.50024812998,Sensex,1996
SIP,1996-12-29,3264.0,10000,3.0637254901960786,2390.747549019608,120000,27797.247797149586,Sensex,1996
DIP,1996-11-17,2965.66,10000,3.3719307000802523,2631.252402500624,10000,2631.252402500624,Sensex,1996
DIP,1996-10-27,3148.57,10000,3.1760449982055343,2478.3949538997067,20000,5109.647356400331,Sensex,1996
DIP,1996-09-29,3101.27,10000,3.22448545273388,2516.1949781863564,30000,7625.842334586687,Sensex,1996
DIP,1996-09-08,3347.37,10000,2.9874199744874335,2331.203302891524,40000,9957.045637478212,Sensex,1996
DIP,1996-08-11,3382.75,10000,2.9561747099253566,2306.821373143153,50000,12263.867010621363,Sensex,1996
DIP,1996-07-21,3560.0,10000,2.808988764044944,2191.9662921348317,60000,14455.833302756195,Sensex,1996
DIP,1996-06-16,3924.95,10000,2.5478031567281114,1988.1527153212146,70000,16443.98601807741,Sensex,1996
DIP,1996-03-17,3238.71,10000,3.0876490948556676,2409.416094679672,80000,18853.40211275708,Sensex,1996
DIP,1996-01-21,2826.08,10000,3.53847024854215,2761.2098737473816,90000,21614.611986504464,Sensex,1996
DIP,1996-01-14,2918.21,10000,3.426758183955233,2674.0364812676266,100000,24288.64846777209,Sensex,1996
DEC_FILL,1996-12-01,2826.2,10000,3.5383200056613124,2761.0926332177487,110000,27049.741100989842,Sensex,1996
DEC_FILL,1996-12-01,2826.2,10000,3.5383200056613124,2761.0926332177487,120000,29810.83373420759,Sensex,1996
SIP,1995-01-29,3638.13,10000,2.7486648360558856,2144.89311816785,10000,2144.89311816785,Sensex,1995
SIP,1995-02-26,3528.36,10000,2.8341779183530025,2211.622396807582,20000,4356.515514975432,Sensex,1995
SIP,1995-03-26,3260.96,10000,3.0665816201364016,2392.9763014572395,30000,6749.491816432673,Sensex,1995
SIP,1995-04-30,3203.81,10000,3.121283721569007,2435.6625392891588,40000,9185.154355721832,Sensex,1995
SIP,1995-05-28,3384.99,10000,2.9542184762731947,2305.294845775025,50000,11490.449201496856,Sensex,1995
SIP,1995-06-25,3247.36,10000,3.0794245171462356,2402.9981277098937,60000,13893.44732920675,Sensex,1995
SIP,1995-07-30,3395.17,10000,2.9453606152269254,2298.382702486179,70000,16191.830031692929,Sensex,1995
SIP,1995-08-27,3356.09,10000,2.979657875682714,2325.1462267102493,80000,18516.976258403178,Sensex,1995
SIP,1995-09-24,3493.21,10000,2.8626964883302177,2233.8765777036024,90000,20750.85283610678,Sensex,1995
SIP,1995-10-29,3469.4,10000,2.8823427682019944,2249.2073557387444,100000,23000.060191845525,Sensex,1995
SIP,1995-11-26,3037.99,10000,3.2916500712642245,2568.606216610325,110000,25568.66640845585,Sensex,1995
SIP,1995-12-31,3048.86,10000,3.2799144598308874,2559.448449584435,120000,28128.114858040284,Sensex,1995
DIP,1995-11-12,3103.03,10000,3.222656564712555,2514.7678237077953,10000,2514.7678237077953,Sensex,1995
DIP,1995-11-05,3287.12,10000,3.0421767382997884,2373.932195964857,20000,4888.700019672652,Sensex,1995
DIP,1995-04-23,3133.28,10000,3.1915436858499717,2490.489199816167,30000,7379.18921948882,Sensex,1995
DIP,1995-03-12,3367.65,10000,2.9694297210220775,2317.164788502368,40000,9696.354007991187,Sensex,1995
DIP,1995-02-12,3383.89,10000,2.955178803093481,2306.044227205967,50000,12002.398235197155,Sensex,1995
DIP,1995-02-05,3522.14,10000,2.8391829967008695,2215.5280596455564,60000,14217.926294842711,Sensex,1995
DIP,1995-01-08,3603.66,10000,2.7749565719296494,2165.4096113395826,70000,16383.335906182294,Sensex,1995
DIP,1995-01-01,3765.62,10000,2.655605185865807,2072.2749507385242,80000,18455.610856920815,Sensex,1995
DEC_FILL,1995-12-03,3083.32,10000,3.2432572681395375,2530.843376620007,90000,20986.454233540822,Sensex,1995
DEC_FILL,1995-12-03,3083.32,10000,3.2432572681395375,2530.843376620007,100000,23517.29761016083,Sensex,1995
DEC_FILL,1995-12-03,3083.32,10000,3.2432572681395375,2530.843376620007,110000,26048.14098678084,Sensex,1995
DEC_FILL,1995-12-03,3083.32,10000,3.2432572681395375,2530.843376620007,120000,28578.984363400847,Sensex,1995
SIP,1994-01-30,3917.57,10000,2.552602761405667,1991.8980388352984,10000,1991.8980388352984,Sensex,1994
SIP,1994-02-27,3801.56,10000,2.630499058281337,2052.6836351392585,20000,4044.581673974557,Sensex,1994
SIP,1994-03-27,3778.99,10000,2.646209701534008,2064.9432784950477,30000,6109.524952469605,Sensex,1994
SIP,1994-04-24,3746.1,10000,2.669442887269427,2083.073062651825,40000,8192.598015121428,Sensex,1994
SIP,1994-05-29,4053.23,10000,2.467168159714598,1925.2300017516895,50000,10117.828016873118,Sensex,1994
SIP,1994-06-26,4118.98,10000,2.4277855197160463,1894.4981524552197,60000,12012.326169328338,Sensex,1994
SIP,1994-07-31,4301.57,10000,2.3247325976329574,1814.081835236902,70000,13826.408004565239,Sensex,1994
SIP,1994-08-28,4526.21,10000,2.2093539628077354,1724.0472713373883,80000,15550.455275902628,Sensex,1994
SIP,1994-09-25,4281.0,10000,2.33590282644242,1822.7984115860781,90000,17373.25368748871,Sensex,1994
SIP,1994-10-30,4303.65,10000,2.323609029544689,1813.2050701149028,100000,19186.45875760361,Sensex,1994
SIP,1994-11-27,4077.49,10000,2.452489153866717,1913.775386328354,110000,21100.234143931964,Sensex,1994
SIP,1994-12-18,3926.9,10000,2.5465379816139957,1987.1654485726656,120000,23087.39959250463,Sensex,1994
DIP,1994-11-06,4059.58,10000,2.463309012262352,1922.218554628804,10000,1922.218554628804,Sensex,1994
DIP,1994-09-25,4281.0,10000,2.33590282644242,1822.7984115860781,20000,3745.016966214883,Sensex,1994
DIP,1994-03-20,3678.16,10000,2.71875067968767,2121.5499053874764,30000,5866.566871602359,Sensex,1994
DIP,1994-02-27,3801.56,10000,2.630499058281337,2052.6836351392585,40000,7919.250506741618,Sensex,1994
DIP,1994-01-30,3917.57,10000,2.552602761405667,1991.8980388352984,50000,9911.148545576916,Sensex,1994
DIP,1994-01-16,3752.51,10000,2.664882971664299,2079.5147781085193,60000,11990.663323685436,Sensex,1994
DEC_FILL,1994-12-04,3967.87,10000,2.520243858795777,1966.6470927726966,70000,13957.310416458135,Sensex,1994
DEC_FILL,1994-12-04,3967.87,10000,2.520243858795777,1966.6470927726966,80000,15923.95750923083,Sensex,1994
DEC_FILL,1994-12-04,3967.87,10000,2.520243858795777,1966.6470927726966,90000,17890.60460200353,Sensex,1994
DEC_FILL,1994-12-04,3967.87,10000,2.520243858795777,1966.6470927726966,100000,19857.251694776223,Sensex,1994
DEC_FILL,1994-12-04,3967.87,10000,2.520243858795777,1966.6470927726966,110000,21823.89878754892,Sensex,1994
DEC_FILL,1994-12-04,3967.87,10000,2.520243858795777,1966.6470927726966,120000,23790.545880321617,Sensex,1994
SIP,1993-01-31,2648.89,10000,3.7751662016920298,2945.9131938283585,10000,2945.9131938283585,Sensex,1993
SIP,1993-02-28,2471.74,10000,4.045732965441349,3157.0472622525026,20000,6102.960456080861,Sensex,1993
SIP,1993-03-28,2311.44,10000,4.326307410099332,3375.990724396913,30000,9478.951180477776,Sensex,1993
SIP,1993-04-25,2122.3,10000,4.711869198511049,3676.860010366112,40000,13155.811190843888,Sensex,1993
SIP,1993-05-30,2336.62,10000,4.279686042231942,3339.610206195274,50000,16495.42139703916,Sensex,1993
SIP,1993-06-27,2233.86,10000,4.47655627478893,3493.2359234687938,60000,19988.657320507955,Sensex,1993
SIP,1993-07-25,2328.21,10000,4.295145197383397,3351.6736033261604,70000,23340.330923834117,Sensex,1993
SIP,1993-08-29,2664.06,10000,3.753669211654392,2929.1382326223884,80000,26269.469156456507,Sensex,1993
SIP,1993-09-26,2662.84,10000,3.755388983190879,2930.4802391431704,90000,29199.949395599677,Sensex,1993
SIP,1993-10-31,2664.72,10000,3.7527394998348798,2928.41274130115,100000,32128.36213690083,Sensex,1993
SIP,1993-11-28,3219.23,10000,3.106332880844177,2423.995800237945,110000,34552.357937138775,Sensex,1993
SIP,1993-12-19,3346.06,10000,2.988589565040675,2332.11598118384,120000,36884.47391832261,Sensex,1993
DIP,1993-12-19,3346.06,10000,2.988589565040675,2332.11598118384,10000,2332.11598118384,Sensex,1993
DIP,1993-07-11,2131.21,10000,4.69217017562793,3661.488074849499,20000,5993.6040560333395,Sensex,1993
DIP,1993-06-13,2226.68,10000,4.490991071909749,3504.499973054054,30000,9498.104029087393,Sensex,1993
DIP,1993-05-23,2165.58,10000,4.61770056982425,3603.3764626566553,40000,13101.480491744049,Sensex,1993
DIP,1993-04-18,2100.67,10000,4.760385972094618,3714.719589464314,50000,16816.20008120836,Sensex,1993
DIP,1993-03-07,2361.15,10000,4.235224361010524,3304.9149778709525,60000,20121.115059079315,Sensex,1993
DIP,1993-02-28,2471.74,10000,4.045732965441349,3157.0472622525026,70000,23278.162321331816,Sensex,1993
DIP,1993-01-03,2420.67,10000,4.131087674073707,3223.652955586677,80000,26501.815276918493,Sensex,1993
DEC_FILL,1993-12-05,3401.9,10000,2.9395337899409153,2293.835797642494,90000,28795.65107456099,Sensex,1993
DEC_FILL,1993-12-05,3401.9,10000,2.9395337899409153,2293.835797642494,100000,31089.486872203484,Sensex,1993
DEC_FILL,1993-12-05,3401.9,10000,2.9395337899409153,2293.835797642494,110000,33383.32266984598,Sensex,1993
DEC_FILL,1993-12-05,3401.9,10000,2.9395337899409153,2293.835797642494,120000,35677.15846748847,Sensex,1993
SIP,1992-01-26,2302.54,10000,4.343029871359455,3389.0399298166376,10000,3389.0399298166376,Sensex,1992
SIP,1992-02-23,2759.22,10000,3.6242126398040027,2828.1180913446556,20000,6217.158021161293,Sensex,1992
SIP,1992-03-29,4238.25,10000,2.359464401580841,1841.1844511295935,30000,8058.342472290887,Sensex,1992
SIP,1992-04-26,3887.72,10000,2.572201701768646,2007.1918759581454,40000,10065.534348249033,Sensex,1992
SIP,1992-05-31,3086.74,10000,3.239663852478667,2528.039290643203,50000,12593.573638892234,Sensex,1992
SIP,1992-06-21,3080.54,10000,3.2461841105780156,2533.1273088484486,60000,15126.700947740683,Sensex,1992
SIP,1992-07-26,2727.06,10000,3.666952688976407,2861.4698613158494,70000,17988.170809056533,Sensex,1992
SIP,1992-08-30,3166.1,10000,3.1584599349357254,2464.672625627744,80000,20452.843434684277,Sensex,1992
SIP,1992-09-27,3315.72,10000,3.0159362069173516,2353.4556597058863,90000,22806.299094390164,Sensex,1992
SIP,1992-10-25,2833.34,10000,3.5294034602271522,2754.134696153656,100000,25560.433790543822,Sensex,1992
SIP,1992-11-29,2696.86,10000,3.708015988964944,2893.5131968289047,110000,28453.946987372725,Sensex,1992
SIP,1992-12-20,2615.37,10000,3.823550778666116,2983.669614624317,120000,31437.616601997044,Sensex,1992
DIP,1992-12-06,2536.87,10000,3.941865369530169,3075.995222459172,10000,3075.995222459172,Sensex,1992
DIP,1992-11-15,2479.56,10000,4.032973592088919,3147.0906128506676,20000,6223.08583530984,Sensex,1992
DIP,1992-11-08,2586.68,10000,3.865959453817249,3016.762800191752,30000,9239.848635501592,Sensex,1992
DIP,1992-10-25,2833.34,10000,3.5294034602271522,2754.134696153656,40000,11993.983331655249,Sensex,1992
DIP,1992-10-18,2987.29,10000,3.347515641266834,2612.200355506161,50000,14606.18368716141,Sensex,1992
DIP,1992-10-11,3086.45,10000,3.239968248311167,2528.276822887136,60000,17134.460510048546,Sensex,1992
DIP,1992-09-20,3256.59,10000,3.070696648948747,2396.187423040665,70000,19530.647933089214,Sensex,1992
DIP,1992-08-02,2590.68,10000,3.8599904272237406,3012.1049299797737,80000,22542.75286306899,Sensex,1992
DIP,1992-07-19,2678.34,10000,3.7336559212049254,2913.521061553052,90000,25456.27392462204,Sensex,1992
DIP,1992-07-12,2806.31,10000,3.5633981990585504,2780.6621506533493,100000,28236.936075275393,Sensex,1992
DIP,1992-05-24,3006.08,10000,3.3265914413455397,2595.8723653395787,110000,30832.808440614976,Sensex,1992
DIP,1992-05-10,3394.48,10000,2.945959322193679,2298.8498974806157,120000,33131.65833809559,Sensex,1992
SIP,1991-01-27,1021.95,10000,9.785214540828807,7635.794314790352,10000,7635.794314790352,Sensex,1991
SIP,1991-02-24,1220.41,10000,8.193967601052105,6394.080677805,20000,14029.87499259535,Sensex,1991
SIP,1991-03-31,1218.12,10000,8.209371818868421,6406.101205135784,30000,20435.976197731135,Sensex,1991
SIP,1991-04-28,1272.09,10000,7.861079011705147,6134.314395993995,40000,26570.290593725127,Sensex,1991
SIP,1991-05-26,1307.34,10000,7.649119586335614,5968.913978001133,50000,32539.20457172626,Sensex,1991
SIP,1991-06-30,1357.32,10000,7.3674594052986775,5749.12327233077,60000,38288.32784405703,Sensex,1991
SIP,1991-07-28,1680.62,10000,5.950185050755079,4643.167402506218,70000,42931.49524656325,Sensex,1991
SIP,1991-08-25,1795.99,10000,5.567959732515215,4344.901697670923,80000,47276.39694423417,Sensex,1991
SIP,1991-09-29,1773.15,10000,5.639680794067056,4400.868510842287,90000,51677.26545507646,Sensex,1991
SIP,1991-10-27,1909.8,10000,5.236150382238978,4085.977589276364,100000,55763.24304435282,Sensex,1991
SIP,1991-11-24,1903.31,10000,5.254004865208505,4099.910156516805,110000,59863.153200869616,Sensex,1991
SIP,1991-12-29,1996.5,10000,5.008765339343852,3908.5399449035817,120000,63771.6931457732,Sensex,1991
DIP,1991-12-08,1837.88,10000,5.441051646462228,4245.870241800335,10000,4245.870241800335,Sensex,1991
DIP,1991-09-29,1773.15,10000,5.639680794067056,4400.868510842287,20000,8646.738752642621,Sensex,1991
DIP,1991-06-23,1269.91,10000,7.874573788693686,6144.844910269231,30000,14791.583662911853,Sensex,1991
DIP,1991-06-02,1248.31,10000,8.010830643029376,6251.171583981543,40000,21042.755246893397,Sensex,1991
DIP,1991-01-20,956.11,10000,10.459047599125624,8161.61320350169,50000,29204.368450395083,Sensex,1991
DEC_FILL,1991-12-01,1899.11,10000,5.265624424072329,4108.977363080601,60000,33313.34581347569,Sensex,1991
DEC_FILL,1991-12-01,1899.11,10000,5.265624424072329,4108.977363080601,70000,37422.32317655629,Sensex,1991
DEC_FILL,1991-12-01,1899.11,10000,5.265624424072329,4108.977363080601,80000,41531.30053963689,Sensex,1991
DEC_FILL,1991-12-01,1899.11,10000,5.265624424072329,4108.977363080601,90000,45640.27790271749,Sensex,1991
DEC_FILL,1991-12-01,1899.11,10000,5.265624424072329,4108.977363080601,100000,49749.255265798085,Sensex,1991
DEC_FILL,1991-12-01,1899.11,10000,5.265624424072329,4108.977363080601,110000,53858.23262887869,Sensex,1991
DEC_FILL,1991-12-01,1899.11,10000,5.265624424072329,4108.977363080601,120000,57967.209991959295,Sensex,1991
SIP,1990-01-28,684.48,10000,14.609630668536699,11400.479195885928,10000,11400.479195885928,Sensex,1990
SIP,1990-02-25,691.61,10000,14.459015919376528,11282.94848252628,20000,22683.42767841221,Sensex,1990
SIP,1990-03-25,781.05,10000,12.803277639075604,9990.909672876258,30000,32674.337351288465,Sensex,1990
SIP,1990-04-29,776.11,10000,12.88477148857765,10054.502583396685,40000,42728.83993468515,Sensex,1990
SIP,1990-05-27,799.5,10000,12.507817385866167,9760.350218886804,50000,52489.19015357195,Sensex,1990
SIP,1990-06-24,850.5,10000,11.757789535567314,9175.073486184598,60000,61664.263639756544,Sensex,1990
SIP,1990-07-29,1061.66,10000,9.419211423619615,7350.1874423073305,70000,69014.45108206388,Sensex,1990
SIP,1990-08-26,1247.53,10000,8.015839298453745,6255.080038155395,80000,75269.53112021927,Sensex,1990
SIP,1990-09-30,1426.9,10000,7.008199593524423,5468.778470810848,90000,80738.30959103012,Sensex,1990
SIP,1990-10-28,1323.02,10000,7.55846472464513,5898.172363229582,100000,86636.4819542597,Sensex,1990
SIP,1990-11-25,1196.25,10000,8.359456635318704,6523.218390804598,110000,93159.70034506431,Sensex,1990
SIP,1990-12-30,982.35,10000,10.17967119662035,7943.604621570724,120000,101103.30496663504,Sensex,1990
DIP,1990-12-30,982.35,10000,10.17967119662035,7943.604621570724,10000,7943.604621570724,Sensex,1990
DIP,1990-12-16,1034.97,10000,9.662115810120099,7539.735451269118,20000,15483.340072839841,Sensex,1990
DIP,1990-11-25,1196.25,10000,8.359456635318704,6523.218390804598,30000,22006.55846364444,Sensex,1990
DIP,1990-11-11,1320.74,10000,7.571512939715614,5908.354407377682,40000,27914.91287102212,Sensex,1990
DIP,1990-10-21,1269.46,10000,7.877365178894963,6147.023143698896,50000,34061.93601472102,Sensex,1990
DIP,1990-10-14,1311.32,10000,7.625903669584846,5950.797669523839,60000,40012.73368424486,Sensex,1990
DIP,1990-02-04,659.3,10000,15.167602002123465,11835.886546337024,70000,51848.62023058188,Sensex,1990
DIP,1990-01-28,684.48,10000,14.609630668536699,11400.479195885928,80000,63249.0994264678,Sensex,1990
DIP,1990-01-14,710.75,10000,14.069644741470277,10979.106577558916,90000,74228.20600402671,Sensex,1990
DEC_FILL,1990-12-02,1179.41,10000,8.478815679025953,6616.359026971112,100000,80844.56503099784,Sensex,1990
DEC_FILL,1990-12-02,1179.41,10000,8.478815679025953,6616.359026971112,110000,87460.92405796895,Sensex,1990
DEC_FILL,1990-12-02,1179.41,10000,8.478815679025953,6616.359026971112,120000,94077.28308494006,Sensex,1990
