"Date","Price","Open","High","Low","Vol.","Change %"
"08-06-2025","45,681.28","46,328.17","46,798.84","44,976.28","50.75B","-0.90%"
"01-06-2025","46,096.51","45,152.31","46,108.87","44,954.57","91.31B","2.13%"
"25-05-2025","45,136.35","44,964.17","45,522.42","44,937.49","59.05B","0.61%"
"18-05-2025","44,861.42","45,241.67","45,376.14","44,271.61","60.89B","-0.32%"
"11-05-2025","45,005.84","43,196.94","45,046.01","43,099.50","92.58B","6.87%"
"04-05-2025","42,111.50","42,868.22","43,447.78","41,047.86","54.69B","-1.40%"
"27-04-2025","42,707.87","42,399.35","43,515.52","42,380.22","43.24B","0.42%"
"20-04-2025","42,528.71","42,212.54","43,788.78","42,092.73","64.34B","1.31%"
"13-04-2025","41,980.48","40,935.85","42,036.69","40,742.39","30.01B","4.24%"
"06-04-2025","40,274.24","37,298.24","40,406.03","37,203.21","36.46B","-0.58%"
"30-03-2025","40,508.53","41,472.80","41,839.48","40,280.95","34.13B","-2.46%"
"23-03-2025","41,531.12","42,127.81","42,744.71","41,312.84","48.41B","-0.72%"
"16-03-2025","41,831.57","39,170.46","41,871.42","39,099.92","39.41B","7.09%"
"09-03-2025","39,062.82","40,064.40","40,160.50","38,831.66","26.56B","-2.07%"
"02-03-2025","39,888.29","38,565.99","40,251.49","37,832.80","37.81B","3.36%"
"23-02-2025","38,592.02","40,104.70","40,276.58","38,233.57","22.72B","-4.41%"
"16-02-2025","40,374.02","39,409.66","41,156.88","38,881.75","38.03B","1.62%"
"09-02-2025","39,731.79","43,048.32","43,081.78","39,354.88","39.26B","-7.71%"
"02-02-2025","43,050.27","43,380.12","43,608.57","42,118.81","53.62B","-0.11%"
"26-01-2025","43,096.45","42,366.75","43,151.13","40,780.52","43.55B","0.89%"
"19-01-2025","42,715.63","43,996.77","44,186.82","42,087.27","42.83B","-2.39%"
"12-01-2025","43,761.23","43,750.57","44,027.02","42,279.81","45.85B","-1.08%"
"05-01-2025","44,240.89","47,055.60","47,121.95","44,214.13","37.01B","-5.74%"
"29-12-2024","46,936.08","46,346.38","47,308.96","45,846.52","34.01B","1.54%"
"22-12-2024","46,226.50","47,892.30","48,264.25","46,175.62","22.92B","-3.24%"
"15-12-2024","47,776.62","47,738.75","48,197.08","47,036.52","4.00M","0.22%"
"08-12-2024","47,669.72","46,096.44","47,704.00","45,962.23","3.96M","3.47%"
"01-12-2024","46,070.85","45,717.36","46,281.43","45,614.88","42.00B","2.31%"
"24-11-2024","45,029.22","44,439.28","45,055.52","43,921.08","39.37B","1.67%"
"17-11-2024","44,289.60","46,051.45","46,109.49","43,982.51","35.55B","-3.89%"
"10-11-2024","46,080.07","46,351.08","47,230.06","45,242.63","35.94B","-0.44%"
"03-11-2024","46,284.43","45,328.24","46,498.22","45,241.94","43.19B","1.83%"
"27-10-2024","45,452.83","48,043.92","48,173.01","44,914.69","71.54B","-5.20%"
"20-10-2024","47,946.33","48,515.94","48,803.49","47,192.12","57.35B","-1.01%"
"13-10-2024","48,436.86","48,076.42","48,706.22","46,653.60","43.54B","1.11%"
"06-10-2024","47,906.74","49,380.87","49,532.84","47,477.35","52.02B","-3.20%"
"29-09-2024","49,490.32","49,338.35","49,701.15","48,999.28","40.36B","0.67%"
"22-09-2024","49,163.22","49,496.34","49,506.01","47,895.81","48.38B","-0.16%"
"15-09-2024","49,244.05","48,434.27","49,351.16","47,916.01","47.38B","1.52%"
"08-09-2024","48,504.84","49,269.41","49,337.63","48,408.41","45.30B","-1.14%"
"01-09-2024","49,065.36","48,568.81","49,186.33","48,416.87","59.99B","1.54%"
"25-08-2024","48,321.92","47,666.17","48,780.27","47,502.87","83.12B","1.96%"
"18-08-2024","47,393.93","46,926.16","47,421.73","46,382.57","54.08B","0.43%"
"11-08-2024","47,192.27","45,858.62","47,287.20","45,528.91","45.02B","-1.01%"
"04-08-2024","47,675.23","48,016.41","48,840.75","47,500.18","64.37B","-0.07%"
"28-07-2024","47,706.67","46,066.72","47,732.31","44,961.72","63.29B","3.13%"
"21-07-2024","46,260.03","47,715.57","48,175.21","46,191.67","73.99B","-2.63%"
"14-07-2024","47,508.26","47,621.24","47,858.24","46,440.87","59.72B","0.15%"
"07-07-2024","47,437.85","46,344.08","47,484.71","46,113.30","140.41B","2.77%"
"30-06-2024","46,158.35","45,855.36","46,396.86","45,521.23","75.08B","0.42%"
"23-06-2024","45,967.07","46,259.61","46,442.90","45,639.82","74.20B","-0.20%"
"16-06-2024","46,058.76","44,497.34","46,088.09","44,166.42","0.00K","4.41%"
"09-06-2024","44,111.44","44,462.29","44,560.97","39,112.44","","2.94%"
"02-06-2024","42,852.69","43,828.13","43,986.38","42,525.93","","-1.53%"
"26-05-2024","43,519.44","43,131.83","43,777.64","42,846.73","0.01K","1.10%"
"19-05-2024","43,047.52","41,019.38","43,115.54","40,236.67","0.00K","4.92%"
"12-05-2024","41,027.75","42,593.43","42,605.12","40,375.85","0.01K","-3.27%"
"05-05-2024","42,414.53","41,881.78","42,774.57","41,650.79","0.00K","1.99%"
"28-04-2024","41,587.77","40,369.16","41,628.75","40,218.73","","3.96%"
"21-04-2024","40,004.52","39,499.64","40,758.62","39,348.75","","-2.21%"
"14-04-2024","40,909.03","41,113.16","41,339.58","40,652.95","","0.19%"
"07-04-2024","40,830.54","39,643.22","40,973.14","39,632.27","141.90M","3.84%"
"31-03-2024","39,322.12","38,730.21","39,461.14","38,645.40","141.90B","1.34%"
"24-03-2024","38,801.23","38,334.86","38,845.18","37,308.18","","1.44%"
"17-03-2024","38,250.44","40,038.11","40,075.11","37,138.02","","-4.02%"
"10-03-2024","39,852.85","40,101.79","40,163.34","39,128.57","","-0.27%"
"03-03-2024","39,962.59","40,013.34","40,047.86","38,668.50","","0.07%"
"25-02-2024","39,934.21","40,203.81","40,219.02","39,130.42","698.50M","0.01%"
"18-02-2024","39,930.08","39,731.33","39,981.03","38,062.00","698.54B","0.91%"
"11-02-2024","39,569.57","39,143.72","40,282.49","38,840.76","","1.65%"
"04-02-2024","38,928.11","37,959.46","39,140.16","37,859.99","","3.13%"
"28-01-2024","37,746.29","38,640.12","38,647.36","36,861.72","","-1.65%"
"21-01-2024","38,380.98","38,091.90","38,544.70","36,651.07","121.20M","1.33%"
"14-01-2024","37,875.43","37,883.31","37,941.29","37,071.46","","0.45%"
"07-01-2024","37,706.55","37,020.08","37,892.11","36,576.85","","2.35%"
"31-12-2023","36,839.22","36,077.32","36,889.87","35,939.27","","2.67%"
"24-12-2023","35,882.68","36,252.27","36,483.16","34,544.61","","-0.87%"
"17-12-2023","36,198.35","35,416.72","36,421.02","35,277.40","","2.57%"
"10-12-2023","35,290.91","35,099.38","35,523.69","34,798.06","","2.04%"
"03-12-2023","34,586.76","33,710.00","34,631.35","33,577.37","","2.90%"
"26-11-2023","33,610.39","33,509.40","33,722.55","33,283.09","","0.69%"
"19-11-2023","33,380.58","32,788.48","33,423.33","32,635.27","","1.82%"
"12-11-2023","32,783.34","31,920.00","32,876.93","31,862.38","","3.30%"
"05-11-2023","31,735.86","31,233.10","31,772.38","30,852.90","","2.00%"
"29-10-2023","31,112.51","31,924.61","31,927.99","30,243.96","","-2.41%"
"22-10-2023","31,880.86","32,366.13","32,596.58","31,818.24","","-1.31%"
"15-10-2023","32,305.62","31,659.21","32,406.35","31,605.13","","0.71%"
"08-10-2023","32,077.66","32,383.24","32,416.28","31,698.91","","-0.81%"
"01-10-2023","32,340.71","31,991.32","32,468.91","31,767.07","","1.23%"
"24-09-2023","31,948.76","32,511.12","32,555.96","31,783.31","","-1.71%"
"17-09-2023","32,505.37","32,829.43","33,245.85","31,644.38","","-0.51%"
"10-09-2023","32,672.00","31,552.08","32,692.74","31,548.55","","3.93%"
"03-09-2023","31,435.62","30,763.67","31,461.26","30,761.92","","2.34%"
"27-08-2023","30,717.91","30,263.72","31,216.72","30,262.16","","1.50%"
"20-08-2023","30,265.32","30,351.63","30,537.16","29,906.19","","-0.54%"
"13-08-2023","30,429.56","30,176.11","30,588.69","30,154.22","","0.88%"
"06-08-2023","30,162.66","30,170.69","30,497.00","29,677.64","","0.01%"
"30-07-2023","30,159.82","29,559.97","30,178.22","29,557.59","","2.07%"
"23-07-2023","29,547.28","29,427.76","29,671.60","29,297.89","","0.52%"
"16-07-2023","29,393.00","29,054.30","29,420.55","28,818.38","","1.36%"
"09-07-2023","28,999.02","28,840.21","29,248.76","28,763.37","","0.77%"
"02-07-2023","28,776.20","27,949.17","28,791.86","27,911.73","","2.86%"
"25-06-2023","27,977.34","28,402.47","28,745.47","27,961.43","","-1.25%"
"18-06-2023","28,331.32","27,549.72","28,381.54","27,501.59","","2.95%"
"11-06-2023","27,518.19","27,352.93","27,847.61","27,289.46","","0.82%"
"04-06-2023","27,294.10","26,883.59","27,322.22","26,805.74","","1.83%"
"28-05-2023","26,803.15","26,098.28","26,827.74","26,097.91","","2.49%"
"21-05-2023","26,152.27","26,156.39","26,572.72","25,905.94","","-0.19%"
"14-05-2023","26,200.75","25,890.61","26,338.36","25,886.86","","1.35%"
"07-05-2023","25,851.86","25,559.64","26,045.62","25,555.41","","1.41%"
"30-04-2023","25,492.43","24,818.39","25,513.19","24,815.92","","2.61%"
"23-04-2023","24,844.97","24,660.89","25,052.45","24,624.16","","0.50%"
"16-04-2023","24,720.57","24,404.78","24,801.15","24,339.17","","1.52%"
"09-04-2023","24,351.06","24,142.69","24,373.11","24,054.26","","1.19%"
"02-04-2023","24,065.59","23,624.18","24,129.03","23,356.61","","1.83%"
"26-03-2023","23,633.56","24,028.25","24,144.00","23,578.75","","-1.98%"
"19-03-2023","24,112.01","24,529.45","24,676.91","23,735.52","","-2.06%"
"12-03-2023","24,617.91","24,649.79","25,040.69","24,419.40","","0.09%"
"05-03-2023","24,595.89","24,119.94","24,676.17","23,807.94","","1.73%"
"26-02-2023","24,178.73","24,711.69","24,763.55","24,040.11","","-2.05%"
"19-02-2023","24,685.27","24,876.47","24,936.66","24,386.35","","-0.82%"
"12-02-2023","24,890.44","24,414.31","24,931.96","24,402.34","","1.81%"
"05-02-2023","24,448.01","24,224.15","24,999.26","24,007.43","","0.45%"
"29-01-2023","24,338.84","25,044.40","25,169.17","24,046.20","","-2.66%"
"22-01-2023","25,005.19","25,205.98","25,307.36","24,904.88","","-0.66%"
"15-01-2023","25,170.97","25,294.67","25,429.29","25,013.70","","0.02%"
"08-01-2023","25,166.71","25,407.30","25,581.97","25,090.27","","-0.58%"
"01-01-2023","25,314.50","24,304.96","25,455.43","24,241.20","","3.63%"
"25-12-2022","24,426.79","25,730.28","26,030.45","24,384.57","","-5.10%"
"18-12-2022","25,739.21","26,045.52","26,440.81","25,677.93","","-1.37%"
"11-12-2022","26,095.56","26,380.92","26,397.89","25,883.87","","-0.86%"
"04-12-2022","26,321.65","25,588.71","26,341.74","25,583.90","","2.84%"
"27-11-2022","25,595.63","25,069.32","25,618.79","25,011.83","","1.83%"
"20-11-2022","25,134.92","25,425.52","25,583.24","24,989.38","","-1.30%"
"13-11-2022","25,465.20","25,700.72","25,916.15","25,320.70","","-0.71%"
"06-11-2022","25,647.07","25,116.82","25,741.54","25,116.82","","2.39%"
"30-10-2022","25,047.34","24,979.05","25,210.07","24,806.57","","0.98%"
"23-10-2022","24,805.15","24,606.56","25,194.20","24,458.06","","0.39%"
"16-10-2022","24,709.86","25,087.85","25,234.35","24,596.89","","-2.66%"
"09-10-2022","25,384.80","24,820.07","25,469.93","24,464.31","","2.14%"
"02-10-2022","24,853.94","25,027.99","25,049.56","24,278.63","","-1.65%"
"25-09-2022","25,271.41","25,538.60","26,104.51","25,231.94","","-1.12%"
"18-09-2022","25,558.21","26,004.89","26,430.89","25,390.73","","-1.46%"
"11-09-2022","25,937.22","25,487.45","26,079.04","25,487.45","","1.86%"
"04-09-2022","25,463.91","24,291.88","25,712.02","24,289.68","","1.37%"
"28-08-2022","25,119.00","24,893.56","25,278.05","24,297.84","","0.61%"
"21-08-2022","24,965.57","24,846.12","25,391.63","24,845.57","","0.81%"
"14-08-2022","24,765.05","24,507.28","24,822.12","24,441.82","","1.17%"
"07-08-2022","24,479.05","24,178.89","24,582.13","24,057.73","","1.78%"
"31-07-2022","24,050.90","23,678.04","24,121.50","23,293.10","","1.65%"
"24-07-2022","23,660.37","22,995.16","23,830.00","22,994.33","","3.53%"
"17-07-2022","22,854.62","22,642.54","22,869.14","22,522.75","","0.88%"
"10-07-2022","22,655.57","21,885.33","22,736.31","21,795.41","","3.64%"
"03-07-2022","21,858.93","22,011.53","22,088.97","21,502.58","","0.26%"
"26-06-2022","21,803.16","21,313.16","21,824.71","20,814.22","","2.38%"
"19-06-2022","21,295.93","22,171.86","22,205.08","21,104.35","","-5.31%"
"12-06-2022","22,490.32","22,769.39","22,769.39","22,358.14","","-1.25%"
"05-06-2022","22,774.98","22,744.65","23,310.40","22,727.03","","1.14%"
"29-05-2022","22,517.74","22,641.96","22,731.10","21,521.63","","0.05%"
"22-05-2022","22,506.85","21,983.02","22,948.79","21,773.55","","3.17%"
"15-05-2022","21,815.66","22,989.50","22,992.47","21,463.02","","-5.68%"
"08-05-2022","23,129.61","24,269.08","24,469.54","22,980.00","","-5.28%"
"01-05-2022","24,418.04","24,496.42","24,838.90","24,164.43","","-1.14%"
"24-04-2022","24,698.37","24,815.63","25,024.53","24,218.55","","-1.15%"
"17-04-2022","24,985.25","25,396.57","25,492.92","24,829.39","","-1.26%"
"10-04-2022","25,303.39","24,589.28","25,360.54","24,570.60","","3.52%"
"03-04-2022","24,443.59","23,835.07","24,457.27","23,502.99","","2.75%"
"27-03-2022","23,789.91","23,968.38","23,987.30","23,382.45","","-0.15%"
"20-03-2022","23,824.61","23,312.49","23,923.81","23,024.30","","2.21%"
"13-03-2022","23,309.95","22,300.75","23,426.50","21,843.95","","3.06%"
"06-03-2022","22,618.58","23,028.56","23,622.00","22,577.47","","-2.35%"
"27-02-2022","23,162.50","23,664.54","23,803.31","22,227.98","","-2.56%"
"20-02-2022","23,771.95","23,761.42","24,258.03","23,246.91","","-1.98%"
"13-02-2022","24,250.92","24,810.15","24,869.87","24,093.26","","-2.02%"
"06-02-2022","24,750.61","24,473.90","25,184.29","24,418.52","","2.33%"
"30-01-2022","24,186.73","24,932.56","24,943.05","23,490.48","","-3.07%"
"23-01-2022","24,951.67","26,149.43","26,281.49","24,806.38","","-4.35%"
"16-01-2022","26,085.24","25,578.95","26,120.52","25,548.13","","2.40%"
"09-01-2022","25,472.83","25,055.18","25,556.89","25,013.30","","2.01%"
"02-01-2022","24,970.08","24,317.85","24,992.72","24,077.34","","2.52%"
"26-12-2021","24,357.27","24,323.77","24,741.23","23,377.24","","-0.75%"
"19-12-2021","24,542.15","25,861.88","25,913.37","24,503.47","","-4.53%"
"12-12-2021","25,707.18","25,222.26","25,723.64","24,799.16","","2.08%"
"05-12-2021","25,182.91","24,632.47","25,397.66","24,093.47","","1.35%"
"28-11-2021","24,846.51","25,944.15","25,960.22","24,794.50","","-4.14%"
"21-11-2021","25,918.62","26,482.07","26,616.53","25,810.51","","-1.71%"
"14-11-2021","26,368.78","26,056.60","26,572.17","25,901.93","","1.45%"
"07-11-2021","25,992.28","25,439.87","26,052.68","25,317.18","","2.83%"
"31-10-2021","25,277.72","25,707.48","25,756.93","24,807.04","","-1.13%"
"24-10-2021","25,566.64","26,977.72","27,246.34","25,404.30","","-4.24%"
"17-10-2021","26,699.69","25,995.64","26,874.14","25,854.06","","3.34%"
"10-10-2021","25,837.34","25,338.69","25,956.09","25,326.63","","2.43%"
"03-10-2021","25,224.20","25,240.76","25,337.62","24,836.36","","0.12%"
"26-09-2021","25,194.84","24,912.69","25,650.37","24,322.52","","0.59%"
"19-09-2021","25,046.48","24,742.13","25,435.39","24,617.07","","1.38%"
"12-09-2021","24,705.29","24,515.42","24,715.42","24,217.07","","1.33%"
"05-09-2021","24,382.19","23,342.81","24,453.88","23,324.03","","4.85%"
"29-08-2021","23,255.39","22,798.70","23,290.99","22,339.10","","2.54%"
"22-08-2021","22,679.87","22,972.56","23,202.53","22,625.53","","-1.14%"
"15-08-2021","22,941.04","23,253.48","23,253.48","22,272.59","","-1.14%"
"08-08-2021","23,204.72","23,249.40","23,478.80","22,914.67","","0.51%"
"01-08-2021","23,087.22","23,079.72","23,203.10","22,540.14","","0.29%"
"25-07-2021","23,021.14","23,025.24","23,207.51","22,550.58","","-0.47%"
"18-07-2021","23,130.41","22,942.71","23,151.67","22,851.24","","1.39%"
"11-07-2021","22,813.67","22,599.26","22,889.62","22,538.09","","1.37%"
"04-07-2021","22,505.82","22,644.29","22,749.17","22,444.27","","-0.19%"
"27-06-2021","22,549.65","22,012.09","22,684.48","21,860.59","","1.40%"
"20-06-2021","22,238.21","22,809.39","22,970.56","21,714.41","","-3.01%"
"13-06-2021","22,927.83","22,676.36","23,045.01","22,454.78","","1.85%"
"06-06-2021","22,511.49","21,732.04","22,540.16","21,602.46","","3.92%"
"30-05-2021","21,661.83","21,612.73","21,844.75","21,518.63","","0.82%"
"23-05-2021","21,485.75","20,627.67","21,541.01","20,525.91","","4.77%"
"16-05-2021","20,507.79","20,726.57","21,030.61","20,403.08","","-0.49%"
"09-05-2021","20,608.61","20,197.99","20,755.09","20,064.38","","1.46%"
"02-05-2021","20,312.20","20,035.20","20,670.68","20,022.38","","1.80%"
"25-04-2021","19,953.19","19,729.15","20,132.43","19,423.05","","-1.01%"
"18-04-2021","20,157.36","20,419.84","20,421.24","19,524.53","","-2.91%"
"11-04-2021","20,762.17","20,511.83","20,895.06","20,013.96","","1.20%"
"04-04-2021","20,516.40","20,098.38","20,534.48","20,040.91","","2.73%"
"28-03-2021","19,970.37","20,084.60","20,512.05","19,494.64","","-0.37%"
"21-03-2021","20,044.50","20,667.09","20,679.26","19,232.94","","-2.59%"
"14-03-2021","20,577.21","20,734.44","20,860.35","20,371.55","","-0.05%"
"07-03-2021","20,587.80","20,164.46","21,085.51","20,066.25","","3.05%"
"28-02-2021","19,978.65","20,086.55","20,380.00","19,675.33","","-0.28%"
"21-02-2021","20,035.52","20,025.58","20,474.12","19,831.80","","0.63%"
"14-02-2021","19,911.03","19,553.72","19,964.67","19,553.35","","2.56%"
"07-02-2021","19,413.17","18,186.18","19,801.39","17,962.70","","7.36%"
"31-01-2021","18,082.23","18,963.39","19,000.23","18,016.13","","-3.62%"
"24-01-2021","18,761.87","18,967.20","19,334.36","18,353.93","","-0.75%"
"17-01-2021","18,904.14","19,238.20","19,363.61","18,744.39","","-1.23%"
"10-01-2021","19,138.72","18,290.30","19,161.20","18,183.09","","5.36%"
"03-01-2021","18,164.48","17,781.17","18,187.11","17,699.30","","2.76%"
"27-12-2020","17,676.70","17,778.41","17,832.39","16,581.88","","-0.70%"
"20-12-2020","17,801.18","17,540.64","18,017.56","17,518.06","","1.60%"
"13-12-2020","17,521.32","17,451.58","17,692.25","17,327.87","","0.76%"
"06-12-2020","17,389.02","17,049.40","17,492.60","16,968.45","","2.80%"
"29-11-2020","16,914.65","16,539.04","16,963.64","16,377.15","","2.91%"
"22-11-2020","16,436.50","16,026.61","16,509.53","16,008.50","","2.89%"
"15-11-2020","15,975.25","15,555.36","16,028.90","15,436.43","","3.70%"
"08-11-2020","15,404.76","14,968.38","15,466.02","14,884.73","","3.36%"
"01-11-2020","14,904.62","14,998.16","15,033.98","14,619.12","","-0.48%"
"25-10-2020","14,976.10","14,675.29","15,031.84","14,609.36","","2.43%"
"18-10-2020","14,621.31","14,831.94","14,836.26","14,448.89","","-0.98%"
"11-10-2020","14,765.55","14,896.91","14,926.01","14,745.50","","-0.32%"
"04-10-2020","14,813.25","14,478.96","14,863.06","14,463.20","","3.32%"
"27-09-2020","14,336.68","15,085.34","15,092.71","13,899.14","","-4.73%"
"20-09-2020","15,047.80","14,746.29","15,157.74","14,746.28","","2.65%"
"13-09-2020","14,659.62","14,859.17","14,924.16","14,256.86","","-1.06%"
"06-09-2020","14,817.06","15,327.02","15,379.16","14,594.54","","-2.76%"
"30-08-2020","15,238.14","15,048.10","15,305.60","14,993.39","","1.90%"
"23-08-2020","14,953.95","14,511.38","15,076.30","14,386.59","","3.61%"
"16-08-2020","14,433.58","14,395.07","14,683.49","14,281.62","","1.51%"
"09-08-2020","14,218.87","13,774.54","14,239.92","13,705.85","","3.34%"
"02-08-2020","13,759.11","13,715.84","13,851.91","13,544.44","","0.41%"
"26-07-2020","13,702.55","13,588.73","13,798.94","13,572.67","","1.27%"
"19-07-2020","13,530.75","13,529.66","13,546.18","13,119.53","","1.00%"
"12-07-2020","13,396.83","13,358.00","13,625.52","13,353.36","","0.81%"
"05-07-2020","13,288.70","13,228.43","13,333.25","12,980.47","","0.23%"
"28-06-2020","13,258.44","12,888.43","13,459.08","12,886.39","","3.55%"
"21-06-2020","12,803.84","12,639.91","12,844.49","12,317.35","","1.62%"
"14-06-2020","12,600.15","12,705.56","12,785.87","12,094.27","","0.37%"
"07-06-2020","12,554.16","11,987.49","12,572.43","11,969.65","","6.00%"
"31-05-2020","11,843.22","11,373.54","11,872.24","11,312.67","","5.09%"
"24-05-2020","11,270.02","11,579.91","11,579.91","11,047.44","","-2.00%"
"17-05-2020","11,500.32","11,513.35","11,769.40","11,255.04","","0.67%"
"10-05-2020","11,423.81","11,846.12","11,846.12","11,286.88","","-4.91%"
"03-05-2020","12,013.45","11,624.98","12,092.77","11,581.02","","4.79%"
"26-04-2020","11,464.20","11,970.42","11,972.39","11,316.57","","-3.04%"
"19-04-2020","11,824.07","11,476.45","11,951.02","11,157.48","","3.95%"
"12-04-2020","11,374.35","10,464.46","11,411.79","10,428.36","","11.31%"
"05-04-2020","10,219.05","10,491.60","10,649.61","10,190.41","","-3.03%"
"29-03-2020","10,537.86","10,749.18","11,050.41","9,555.24","","-5.42%"
"22-03-2020","11,141.38","12,478.92","12,478.92","10,303.26","","-11.85%"
"15-03-2020","12,638.74","14,099.75","14,099.75","11,248.83","","-11.17%"
"08-03-2020","14,227.49","14,755.45","14,938.01","13,964.82","","-2.55%"
"01-03-2020","14,600.02","15,697.56","15,697.56","14,495.48","","-6.97%"
"23-02-2020","15,694.41","15,703.89","15,792.49","15,287.76","","0.21%"
"16-02-2020","15,662.10","15,928.45","15,930.78","15,645.03","","-1.53%"
"09-02-2020","15,904.71","15,151.25","15,918.94","15,052.26","","5.19%"
"02-02-2020","15,119.65","15,815.76","15,918.27","15,065.50","","-4.44%"
"26-01-2020","15,822.54","15,763.34","15,860.86","15,525.51","","0.72%"
"19-01-2020","15,708.97","15,201.77","15,739.28","15,190.06","","3.63%"
"12-01-2020","15,158.92","15,104.67","15,237.84","14,696.26","","0.29%"
"05-01-2020","15,114.55","14,954.93","15,206.63","14,934.55","","1.24%"
"29-12-2019","14,929.22","14,845.27","14,942.07","14,776.68","","0.63%"
"22-12-2019","14,835.97","14,864.95","14,881.99","14,738.13","","0.04%"
"15-12-2019","14,830.40","14,721.75","14,836.11","14,493.41","","1.11%"
"08-12-2019","14,667.37","15,098.63","15,107.19","14,621.44","","-2.77%"
"01-12-2019","15,084.86","14,767.02","15,167.09","14,759.58","","2.35%"
"24-11-2019","14,738.67","14,819.65","14,921.78","14,662.79","","-0.23%"
"17-11-2019","14,772.99","14,765.94","14,855.65","14,577.09","102.00M","0.28%"
"10-11-2019","14,731.11","14,930.04","15,017.72","14,666.26","135.90M","-1.07%"
"03-11-2019","14,890.58","14,466.00","14,979.58","14,421.98","112.19M","3.83%"
"27-10-2019","14,341.76","14,461.05","14,521.18","14,272.00","110.50M","-0.54%"
"20-10-2019","14,420.25","13,821.94","14,441.02","13,793.46","153.17M","4.64%"
"13-10-2019","13,780.99","13,747.84","13,880.36","13,577.04","99.25M","0.49%"
"06-10-2019","13,713.79","14,291.49","14,294.58","13,688.79","117.92M","-3.87%"
"29-09-2019","14,265.99","14,277.24","14,643.53","14,189.56","155.12M","1.03%"
"22-09-2019","14,120.07","13,648.25","14,154.33","13,221.91","197.73M","3.33%"
"15-09-2019","13,665.59","13,383.91","13,731.24","13,335.13","141.22M","2.25%"
"08-09-2019","13,364.63","13,448.03","13,448.03","13,119.37","109.17M","-0.76%"
"01-09-2019","13,467.55","13,379.29","13,534.72","13,144.28","154.87M","2.01%"
"25-08-2019","13,202.08","13,536.55","13,585.35","12,914.63","188.65M","-2.14%"
"18-08-2019","13,490.90","13,681.50","13,681.50","13,336.78","78.19M","-1.31%"
"11-08-2019","13,670.05","13,514.85","13,756.88","13,255.68","142.83M","0.91%"
"04-08-2019","13,546.92","13,879.25","13,880.26","13,335.70","165.15M","-2.23%"
"28-07-2019","13,856.19","14,083.84","14,084.06","13,678.16","164.23M","-1.58%"
"21-07-2019","14,078.34","14,595.06","14,621.16","14,047.27","147.91M","-3.27%"
"14-07-2019","14,553.88","14,730.14","14,730.14","14,337.46","143.69M","-1.17%"
"07-07-2019","14,725.65","14,837.03","15,010.30","14,697.65","163.65M","-0.56%"
"30-06-2019","14,808.34","14,628.06","14,884.54","14,535.13","309.00M","1.26%"
"23-06-2019","14,624.59","14,725.25","14,727.01","14,376.52","205.47M","-0.65%"
"16-06-2019","14,720.99","14,940.04","15,055.14","14,688.74","181.04M","-1.24%"
"09-06-2019","14,906.38","15,121.56","15,328.51","14,791.41","142.64M","-1.26%"
"02-06-2019","15,096.18","14,964.23","15,198.27","14,925.93","176.12M","1.01%"
"26-05-2019","14,945.24","14,561.07","14,999.35","14,548.63","256.72M","0.00%"
"19-05-2019","14,945.24","14,561.07","14,999.35","14,548.63","256.72B","4.45%"
"12-05-2019","14,308.36","14,382.45","14,385.46","14,003.69","164.92B","-0.57%"
"05-05-2019","14,389.76","14,757.90","14,757.90","14,265.45","165.31B","-2.66%"
"28-04-2019","14,783.35","15,084.26","15,084.41","14,743.12","149.24B","-1.86%"
"21-04-2019","15,063.99","15,383.72","15,384.77","15,023.04","153.23B","-2.07%"
"14-04-2019","15,382.57","15,455.37","15,568.43","15,351.38","81.81B","-0.28%"
"07-04-2019","15,426.45","15,545.48","15,557.48","15,272.04","136.08B","-0.53%"
"31-03-2019","15,509.36","15,516.86","15,661.95","15,342.08","179.88B","0.19%"
"24-03-2019","15,479.62","15,039.38","15,500.03","14,887.89","216.29B","2.67%"
"17-03-2019","15,076.89","15,212.79","15,273.86","15,067.02","189.47B","-0.62%"
"10-03-2019","15,171.52","14,835.44","15,270.42","14,834.38","164.76B","2.48%"
"03-03-2019","14,804.21","14,535.18","14,959.77","14,520.06","188.35B","2.08%"
"24-02-2019","14,502.82","14,219.19","14,511.63","13,952.16","157.05B","2.35%"
"17-02-2019","14,169.74","13,953.72","14,183.89","13,784.78","201.93B","1.64%"
"10-02-2019","13,940.54","14,316.70","14,328.00","13,862.92","173.51B","-2.71%"
"03-02-2019","14,328.81","14,671.76","14,674.15","14,298.58","260.45B","-2.13%"
"27-01-2019","14,641.38","14,694.03","14,764.48","14,316.21","33.92B","-0.28%"
"20-01-2019","14,681.82","15,061.21","15,075.15","14,630.73","101.19B","-2.27%"
"13-01-2019","15,023.39","15,179.47","15,277.76","15,014.43","90.34B","-1.01%"
"06-01-2019","15,177.03","15,198.46","15,259.73","15,044.96","46.86B","0.19%"
"30-12-2018","15,147.60","15,406.21","15,481.52","15,027.55","26.56B","-1.38%"
"23-12-2018","15,360.21","15,262.94","15,375.86","14,907.67","21.46B","0.70%"
"16-12-2018","15,253.00","15,227.03","15,601.46","15,199.79","27.41B","0.40%"
"09-12-2018","15,192.84","14,618.67","15,243.58","14,297.85","110.86B","3.23%"
"02-12-2018","14,717.49","15,113.58","15,162.39","14,613.05","109.99B","-2.14%"
"25-11-2018","15,039.35","14,919.14","15,053.96","14,793.42","120.52B","1.07%"
"18-11-2018","14,880.34","15,026.43","15,073.54","14,861.77","94.08B","-0.78%"
"11-11-2018","14,997.81","14,983.23","15,065.32","14,650.41","108.57B","0.36%"
"04-11-2018","14,944.20","14,929.54","14,968.34","14,705.11","62.88B","0.37%"
"28-10-2018","14,888.73","13,939.88","15,051.13","13,866.83","185.13B","7.34%"
"21-10-2018","13,870.15","14,126.20","14,170.59","13,707.47","134.08B","-1.34%"
"14-10-2018","14,058.30","14,418.67","14,708.24","13,950.50","118.83B","-1.60%"
"07-10-2018","14,286.22","13,992.67","14,345.49","13,538.62","175.72B","2.02%"
"30-09-2018","14,003.81","14,762.22","14,888.41","13,923.67","126.35B","-5.14%"
"23-09-2018","14,763.20","15,648.34","15,654.61","14,619.99","220.59B","-5.34%"
"16-09-2018","15,595.63","16,344.22","16,348.73","14,797.90","159.69B","-4.61%"
"09-09-2018","16,349.97","16,514.76","16,543.26","15,850.20","114.69B","-0.94%"
"02-09-2018","16,504.86","16,949.14","17,017.26","16,077.36","197.38B","-2.23%"
"26-08-2018","16,881.33","16,606.87","16,958.08","16,605.51","181.20B","1.99%"
"19-08-2018","16,552.74","16,351.21","16,650.37","16,351.13","147.24B","1.51%"
"12-08-2018","16,306.44","16,185.61","16,322.19","16,061.43","190.84B","0.59%"
"05-08-2018","16,210.78","16,249.05","16,378.64","16,137.89","328.34B","0.02%"
"29-07-2018","16,206.89","15,927.17","16,252.74","15,862.21","275.07B","1.85%"
"22-07-2018","15,912.62","15,271.11","15,945.88","15,217.04","252.65B","4.71%"
"15-07-2018","15,196.46","15,454.38","15,477.72","14,999.74","243.13B","-1.52%"
"08-07-2018","15,431.47","15,442.11","15,790.94","15,402.67","185.86B","0.26%"
"01-07-2018","15,391.62","15,535.48","15,537.84","15,252.03","135.72B","-0.38%"
"24-06-2018","15,450.90","15,844.75","15,881.87","15,152.94","166.34B","-2.45%"
"17-06-2018","15,839.61","16,027.13","16,075.79","15,687.74","135.61B","-1.01%"
"10-06-2018","16,001.20","16,044.43","16,249.16","15,963.01","157.22B","-0.13%"
"03-06-2018","16,022.37","15,916.22","16,037.04","15,428.92","212.40B","1.07%"
"27-05-2018","15,852.51","15,986.38","16,175.63","15,820.28","278.69B","-0.33%"
"20-05-2018","15,904.41","15,904.20","15,935.29","15,564.83","214.70B","0.05%"
"13-05-2018","15,895.68","16,341.15","16,352.15","15,879.69","293.18B","-2.74%"
"06-05-2018","16,343.99","16,600.66","16,699.71","16,235.64","145.49B","-1.31%"
"29-04-2018","16,561.01","16,955.26","17,059.37","16,531.40","123.80B","-2.11%"
"22-04-2018","16,917.18","16,827.90","16,976.33","16,732.49","139.37B","0.70%"
"15-04-2018","16,798.94","16,647.07","16,885.70","16,567.45","169.02B","0.73%"
"08-04-2018","16,677.76","16,609.90","16,748.49","16,562.68","152.64B","0.49%"
"01-04-2018","16,596.57","15,982.86","16,614.35","15,976.85","212.32B","3.97%"
"25-03-2018","15,962.59","15,681.22","16,090.50","15,608.19","117.89B","1.71%"
"18-03-2018","15,694.11","16,269.19","16,271.21","15,567.56","187.67B","-3.24%"
"11-03-2018","16,219.13","16,057.18","16,458.43","15,959.20","308.27B","1.45%"
"04-03-2018","15,987.27","16,442.89","16,473.44","15,805.61","251.88B","-2.88%"
"25-02-2018","16,461.27","16,617.40","16,743.73","16,426.00","141.53B","-0.61%"
"18-02-2018","16,562.03","16,653.92","16,678.47","16,286.58","151.94B","-0.24%"
"11-02-2018","16,602.35","16,746.12","17,014.68","16,558.43","164.98B","-0.20%"
"04-02-2018","16,634.91","16,422.72","16,685.72","15,776.22","193.31B","0.36%"
"28-01-2018","16,574.70","17,885.58","17,931.42","16,523.84","270.17B","-7.10%"
"21-01-2018","17,841.19","17,781.87","18,124.91","17,702.58","176.49B","0.43%"
"14-01-2018","17,765.00","18,194.47","18,256.93","17,514.72","268.72B","-2.05%"
"07-01-2018","18,137.03","18,137.73","18,321.37","17,976.05","219.08B","0.37%"
"31-12-2017","18,070.03","17,878.16","18,098.24","17,624.80","371.49B","1.39%"
"24-12-2017","17,822.40","17,626.14","17,851.03","17,605.98","501.09B","1.41%"
"17-12-2017","17,573.78","16,975.59","17,653.68","16,604.84","276.29B","3.53%"
"10-12-2017","16,974.72","17,112.36","17,133.43","16,686.50","115.67B","-0.41%"
"03-12-2017","17,044.36","16,841.24","17,057.76","16,617.84","125.27B","1.71%"
"26-11-2017","16,757.27","16,930.29","17,110.66","16,723.32","144.25B","-1.05%"
"19-11-2017","16,934.32","16,722.75","16,952.13","16,664.81","164.43B","1.57%"
"12-11-2017","16,673.33","16,605.49","16,758.80","16,278.66","178.43B","0.67%"
"05-11-2017","16,562.69","16,731.20","16,879.64","16,376.50","171.34B","-0.90%"
"29-10-2017","16,713.11","16,426.34","16,809.96","16,426.25","195.94B","2.04%"
"22-10-2017","16,379.58","16,089.51","16,442.45","16,078.62","179.03B","1.89%"
"15-10-2017","16,076.42","16,012.38","16,192.77","15,952.62","61.79B","0.69%"
"08-10-2017","15,966.69","15,865.20","16,035.27","15,736.00","115.00B","0.80%"
"01-10-2017","15,840.15","15,516.98","15,859.33","15,513.29","94.64B","2.62%"
"24-09-2017","15,436.01","15,636.78","15,639.05","15,129.78","158.07B","-1.11%"
"17-09-2017","15,609.89","16,032.53","16,183.88","15,584.27","195.24B","-2.27%"
"10-09-2017","15,972.74","15,833.81","16,142.25","15,832.86","144.00B","1.38%"
"03-09-2017","15,754.75","15,709.73","15,906.14","15,432.69","117.27B","0.43%"
"27-08-2017","15,686.66","15,284.66","15,708.71","15,259.63","121.57B","2.85%"
"20-08-2017","15,252.10","15,292.34","15,304.11","14,889.70","72.24B","0.29%"
"13-08-2017","15,208.46","14,782.51","15,406.63","14,782.33","147.33B","3.27%"
"06-08-2017","14,726.27","15,481.16","15,642.07","14,484.70","140.44B","-4.60%"
"30-07-2017","15,436.95","15,362.32","15,490.75","15,251.46","124.89B","0.70%"
"23-07-2017","15,329.56","15,191.87","15,441.01","15,190.20","178.67B","0.95%"
"16-07-2017","15,185.53","15,206.71","15,275.91","15,075.99","125.61B","-0.01%"
"09-07-2017","15,187.41","14,985.07","15,212.10","14,910.06","235.57B","1.64%"
"02-07-2017","14,941.77","14,687.98","15,010.00","14,664.73","124.73B","2.03%"
"25-06-2017","14,644.48","14,613.48","14,661.40","14,375.65","142.92B","0.42%"
"18-06-2017","14,583.81","14,844.76","14,942.82","14,508.79","130.19B","-1.51%"
"11-06-2017","14,807.33","14,872.51","14,893.18","14,701.26","149.31B","-0.46%"
"04-06-2017","14,875.36","14,834.09","14,883.73","14,679.16","238.02B","0.50%"
"28-05-2017","14,801.48","14,557.04","14,814.59","14,276.66","260.30B","1.94%"
"21-05-2017","14,519.90","14,716.69","14,762.16","13,995.23","141.47B","-0.85%"
"14-05-2017","14,644.00","14,902.22","15,122.77","14,521.57","112.85B","-1.42%"
"07-05-2017","14,854.45","14,763.29","15,051.78","14,759.14","121.02B","0.92%"
"30-04-2017","14,718.48","14,829.81","14,948.37","14,664.19","125.28B","-0.54%"
"23-04-2017","14,798.45","14,528.81","14,849.66","14,519.11","163.90B","2.14%"
"16-04-2017","14,487.92","14,363.12","14,567.43","14,275.90","152.93B","0.95%"
"09-04-2017","14,350.96","14,281.57","14,442.59","14,214.78","113.27B","0.83%"
"02-04-2017","14,233.16","14,142.63","14,360.57","14,125.80","100.22B","0.97%"
"26-03-2017","14,096.65","13,875.95","14,109.98","13,794.15","250.78B","1.79%"
"19-03-2017","13,849.18","13,919.34","13,934.35","13,676.43","448.31B","-0.32%"
"12-03-2017","13,893.14","13,567.85","13,962.11","13,483.90","118.46B","3.95%"
"05-03-2017","13,365.59","13,443.82","13,540.00","13,343.40","108.48B","-0.32%"
"26-02-2017","13,409.04","13,547.54","13,652.00","13,317.35","127.49B","-0.91%"
"19-02-2017","13,532.11","13,462.29","13,610.20","13,426.73","114.89B","0.81%"
"12-02-2017","13,422.89","13,492.86","13,514.44","13,159.91","97.70B","-0.34%"
"05-02-2017","13,468.41","13,341.38","13,562.69","13,340.51","164.02B","1.38%"
"29-01-2017","13,285.41","12,968.72","13,364.08","12,836.10","156.21B","2.47%"
"22-01-2017","12,964.73","12,591.30","13,030.97","12,562.65","95.22B","3.03%"
"15-01-2017","12,583.89","12,659.06","12,799.11","12,564.85","86.09B","-0.44%"
"08-01-2017","12,639.03","12,344.01","12,698.51","12,319.40","88.95B","2.58%"
"01-01-2017","12,321.72","12,073.51","12,448.36","12,008.69","77.11B","2.41%"
"25-12-2016","12,031.34","11,778.57","12,066.12","11,448.65","77.20B","2.30%"
"18-12-2016","11,760.78","12,267.81","12,268.31","11,728.76","79.03B","-3.89%"
"11-12-2016","12,236.57","12,544.66","12,565.56","12,155.27","59.99B","-2.38%"
"04-12-2016","12,535.22","12,230.20","12,547.88","12,203.50","93.17B","2.75%"
"27-11-2016","12,199.18","12,194.29","12,545.62","12,161.80","91.70B","0.13%"
"20-11-2016","12,183.02","12,098.14","12,199.19","11,718.03","81.77B","0.92%"
"13-11-2016","12,072.43","12,487.24","12,488.97","11,899.43","89.60B","-3.14%"
"06-11-2016","12,464.02","12,908.72","13,049.01","11,886.84","130.68B","-2.92%"
"30-10-2016","12,839.53","13,501.31","13,534.12","12,752.99","85.35B","-4.24%"
"23-10-2016","13,408.27","13,632.06","13,669.04","13,225.12","109.90B","-1.43%"
"16-10-2016","13,602.38","13,448.16","13,651.59","13,268.65","94.73B","1.36%"
"09-10-2016","13,419.62","13,583.14","13,626.63","13,205.79","51.46B","-0.91%"
"02-10-2016","13,542.62","13,191.54","13,713.09","13,189.36","111.68B","2.86%"
"25-09-2016","13,166.68","13,331.42","13,492.16","12,838.70","135.85B","-1.24%"
"18-09-2016","13,331.97","13,079.62","13,398.71","13,069.01","164.59B","2.16%"
"11-09-2016","13,050.51","13,222.01","13,272.36","12,937.73","127.87B","-2.21%"
"04-09-2016","13,345.32","13,282.20","13,525.71","13,282.20","163.68B","0.86%"
"28-08-2016","13,230.94","13,022.67","13,283.94","12,937.49","124.48B","1.78%"
"21-08-2016","13,000.15","13,053.76","13,100.26","12,884.90","133.66B","-0.27%"
"14-08-2016","13,035.17","12,792.86","13,063.08","12,746.54","129.12B","2.21%"
"07-08-2016","12,753.41","12,745.67","12,849.01","12,532.91","189.95B","0.43%"
"31-07-2016","12,698.44","12,734.00","12,818.39","12,398.17","165.11B","0.30%"
"24-07-2016","12,661.06","12,302.42","12,704.84","12,292.21","233.11B","3.13%"
"17-07-2016","12,277.25","12,165.22","12,283.84","11,997.93","299.17B","1.25%"
"10-07-2016","12,125.21","11,925.69","12,203.39","11,924.98","305.16B","2.06%"
"03-07-2016","11,880.37","11,892.87","11,970.17","11,825.46","296.69B","0.19%"
"26-06-2016","11,857.56","11,328.68","11,885.19","11,301.85","222.47B","4.81%"
"19-06-2016","11,313.41","11,334.70","11,462.10","11,010.99","207.50B","-0.40%"
"12-06-2016","11,359.06","11,344.39","11,442.07","11,245.38","244.26B","-0.15%"
"05-06-2016","11,376.37","11,408.26","11,521.07","11,359.95","138.84B","-0.16%"
"29-05-2016","11,394.64","11,372.97","11,492.52","11,302.69","119.75B","0.42%"
"22-05-2016","11,347.03","11,032.37","11,364.23","10,902.35","135.74B","2.94%"
"15-05-2016","11,023.18","11,166.00","11,272.19","11,010.96","175.90B","-1.19%"
"08-05-2016","11,156.07","10,971.53","11,263.49","10,971.45","121.40B","1.74%"
"01-05-2016","10,965.28","11,066.69","11,251.07","10,879.64","120.63B","-0.70%"
"24-04-2016","11,042.92","11,040.47","11,166.10","10,935.30","166.57B","0.22%"
"17-04-2016","11,018.64","10,927.72","11,134.90","10,901.63","92.31B","0.94%"
"10-04-2016","10,916.30","10,605.93","10,968.94","10,602.42","93.72B","3.04%"
"03-04-2016","10,594.26","10,670.95","10,691.61","10,490.55","137.78B","-0.45%"
"27-03-2016","10,642.32","10,536.76","10,673.32","10,313.01","168.21B","1.12%"
"20-03-2016","10,524.47","10,329.38","10,534.85","10,316.74","99.51B","2.18%"
"13-03-2016","10,300.37","10,304.29","10,362.62","10,081.51","172.40B","0.29%"
"06-03-2016","10,270.70","10,239.67","10,349.16","10,135.20","160.15B","0.45%"
"28-02-2016","10,224.84","9,584.31","10,237.69","9,389.35","186.98B","6.81%"
"21-02-2016","9,572.68","9,853.51","9,895.26","9,519.96","150.87B","-2.35%"
"14-02-2016","9,802.77","9,703.14","10,003.34","9,489.31","144.81B","1.95%"
"07-02-2016","9,615.24","10,364.05","10,450.05","9,393.15","201.22B","-6.96%"
"31-01-2016","10,335.07","10,476.45","10,529.87","10,059.79","147.64B","-0.79%"
"24-01-2016","10,417.26","10,246.79","10,433.84","10,183.85","114.37B","2.20%"
"17-01-2016","10,193.05","10,338.34","10,339.69","9,892.36","169.22B","-1.46%"
"10-01-2016","10,343.73","10,958.16","10,961.22","10,323.37","151.87B","-5.90%"
"03-01-2016","10,992.26","11,251.41","11,299.59","10,827.81","142.72B","-2.25%"
"27-12-2015","11,245.42","11,028.99","11,252.76","11,027.51","103.28B","2.06%"
"20-12-2015","11,018.17","10,927.91","11,041.68","10,920.60","79.45B","0.91%"
"13-12-2015","10,919.25","10,573.84","10,974.00","10,516.43","110.46B","3.25%"
"06-12-2015","10,576.02","10,978.93","11,001.76","10,542.40","130.47B","-3.28%"
"29-11-2015","10,935.11","11,004.36","11,119.58","10,922.33","138.12B","-0.45%"
"22-11-2015","10,984.57","10,891.92","11,014.23","10,878.59","114.25B","1.16%"
"15-11-2015","10,858.41","10,651.66","10,902.63","10,601.73","122.44B","1.92%"
"08-11-2015","10,653.48","10,701.40","10,905.51","10,606.25","68.53B","-1.60%"
"01-11-2015","10,826.63","10,989.48","11,087.40","10,783.98","123.09B","-1.35%"
"25-10-2015","10,974.60","11,157.28","11,172.12","10,951.91","134.05B","-1.47%"
"18-10-2015","11,138.23","11,062.28","11,257.03","11,057.54","120.29B","0.82%"
"11-10-2015","11,047.92","10,955.97","11,054.48","10,903.48","146.55B","1.01%"
"04-10-2015","10,937.76","10,868.63","11,096.65","10,868.63","168.39B","1.10%"
"27-09-2015","10,818.68","10,611.41","10,881.10","10,418.46","134.99B","2.08%"
"20-09-2015","10,597.87","10,631.97","10,769.31","10,395.47","148.65B","-0.45%"
"13-09-2015","10,646.06","10,541.40","10,755.11","10,527.75","91.69B","1.20%"
"06-09-2015","10,519.96","10,395.36","10,637.77","10,012.95","129.57B","1.54%"
"30-08-2015","10,359.90","10,771.85","10,849.40","10,277.85","136.26B","-3.71%"
"23-08-2015","10,759.41","10,927.46","10,931.53","10,103.43","198.83B","-4.08%"
"16-08-2015","11,216.65","11,477.57","11,614.68","11,080.95","167.79B","-2.07%"
"09-08-2015","11,453.78","11,585.46","11,666.24","11,154.61","173.95B","-0.90%"
"02-08-2015","11,557.52","11,309.94","11,638.27","11,293.50","186.52B","2.52%"
"26-07-2015","11,273.02","11,137.43","11,314.01","10,954.88","163.53B","1.12%"
"19-07-2015","11,147.99","11,237.82","11,288.61","11,059.75","128.70B","-0.64%"
"12-07-2015","11,220.18","10,903.65","11,252.23","10,895.63","117.49B","3.22%"
"05-07-2015","10,870.45","10,792.30","11,060.57","10,726.63","154.36B","0.00%"
"28-06-2015","10,870.00","10,559.50","10,946.14","10,405.34","","1.72%"
"21-06-2015","10,686.11","10,504.95","10,731.58","10,504.08","","1.90%"
"14-06-2015","10,487.12","10,130.79","10,522.10","10,070.98","","3.61%"
"07-06-2015","10,121.94","10,362.70","10,368.75","10,039.44","","-2.24%"
"31-05-2015","10,353.93","10,688.59","10,757.58","10,172.26","","-3.38%"
"24-05-2015","10,716.09","10,632.80","10,745.74","10,526.81","","0.91%"
"17-05-2015","10,619.81","10,585.40","10,738.81","10,569.62","","0.53%"
"10-05-2015","10,563.92","10,272.05","10,613.57","10,261.20","","3.20%"
"03-05-2015","10,236.21","10,474.23","10,630.98","9,983.55","","-1.73%"
"26-04-2015","10,416.29","10,469.64","10,475.53","10,151.85","","-0.19%"
"19-04-2015","10,435.64","10,787.13","10,797.38","10,398.09","64.41M","-3.12%"
"12-04-2015","10,771.77","11,100.59","11,117.38","10,756.17","64.41B","-2.90%"
"05-04-2015","11,093.02","11,093.02","11,093.02","11,093.02","164.97K","3.19%"
"29-03-2015","10,750.42","10,750.42","10,750.42","10,750.42","292.53K","3.77%"
"22-03-2015","10,359.93","10,359.93","10,359.93","10,359.93","417.56K","-2.50%"
"15-03-2015","10,625.28","10,625.28","10,625.28","10,625.28","407.04K","-1.57%"
"08-03-2015","10,794.88","10,794.88","10,794.88","10,794.88","390.25K","-2.27%"
"01-03-2015","11,045.08","11,045.08","11,045.08","11,045.08","548.08K","2.16%"
"22-02-2015","10,811.46","10,811.46","10,811.46","10,811.46","491.13K","-0.23%"
"15-02-2015","10,836.18","10,836.18","10,836.18","10,836.18","470.35K","0.89%"
"08-02-2015","10,740.95","10,740.95","10,740.95","10,740.95","461.90K","2.39%"
"01-02-2015","10,490.68","10,490.68","10,490.68","10,490.68","364.44K","-2.31%"
"25-01-2015","10,738.59","10,738.59","10,738.59","10,738.59","468.11K","0.40%"
"18-01-2015","10,695.67","10,695.67","10,695.67","10,695.67","369.26K","0.59%"
"11-01-2015","10,633.11","10,633.11","10,633.11","10,633.11","362.06K","1.99%"
"04-01-2015","10,426.01","10,426.01","10,426.01","10,426.01","331.09K","-0.99%"
"28-12-2014","10,530.20","10,530.20","10,530.20","10,530.20","211.05K","4.10%"
"21-12-2014","10,115.85","10,115.85","10,115.85","10,115.85","325.68K","1.15%"
"14-12-2014","10,000.41","10,000.41","10,000.41","10,000.41","382.60K","-1.07%"
"07-12-2014","10,108.60","10,108.60","10,108.60","10,108.60","388.54K","-3.71%"
"30-11-2014","10,498.29","10,498.29","10,498.29","10,498.29","347.89K","2.22%"
"23-11-2014","10,270.61","10,270.61","10,270.61","10,270.61","308.48K","0.73%"
"16-11-2014","10,195.79","10,195.79","10,195.79","10,195.79","366.94K","0.40%"
"09-11-2014","10,154.81","10,154.81","10,154.81","10,154.81","273.00K","1.55%"
"02-11-2014","9,999.69","9,999.69","9,999.69","9,999.69","303.53K","1.68%"
"26-10-2014","9,834.60","9,834.60","9,834.60","9,834.60","165.88K","1.67%"
"19-10-2014","9,673.03","9,673.03","9,673.03","9,673.03","243.49K","4.32%"
"12-10-2014","9,272.49","9,272.49","9,272.49","9,272.49","230.64K","-1.82%"
"05-10-2014","9,444.41","9,444.41","9,444.41","9,444.41","233.46K","-0.70%"
"28-09-2014","9,511.40","9,511.40","9,511.40","9,511.40","458.86K","0.96%"
"21-09-2014","9,421.40","9,421.40","9,421.40","9,421.40","352.12K","-4.50%"
"14-09-2014","9,865.26","9,865.26","9,865.26","9,865.26","316.42K","-1.18%"
"07-09-2014","9,983.08","9,983.08","9,983.08","9,983.08","311.33K","3.25%"
"31-08-2014","9,668.76","9,668.76","9,668.76","9,668.76","210.07K","3.98%"
"24-08-2014","9,298.90","9,298.90","9,298.90","9,298.90","270.71K","-0.45%"
"17-08-2014","9,340.87","9,340.87","9,340.87","9,340.87","208.71K","3.70%"
"10-08-2014","9,007.85","9,007.85","9,007.85","9,007.85","283.24K","0.51%"
"03-08-2014","8,962.18","8,962.18","8,962.18","8,962.18","232.84K","-1.67%"
"27-07-2014","9,114.33","9,114.33","9,114.33","9,114.33","304.12K","-0.70%"
"20-07-2014","9,178.21","9,178.21","9,178.21","9,178.21","330.76K","-0.81%"
"13-07-2014","9,252.80","9,252.80","9,252.80","9,252.80","467.14K","4.25%"
"06-07-2014","8,875.24","8,875.24","8,875.24","8,875.24","329.74K","-7.02%"
"29-06-2014","9,545.75","9,545.75","9,545.75","9,545.75","357.78K","3.70%"
"22-06-2014","9,205.17","9,205.17","9,205.17","9,205.17","413.96K","2.71%"
"15-06-2014","8,961.96","8,961.96","8,961.96","8,961.96","609.80K","0.29%"
"08-06-2014","8,935.93","8,935.93","8,935.93","8,935.93","534.08K","-1.79%"
"01-06-2014","9,098.54","9,098.54","9,098.54","9,098.54","529.01K","7.46%"
"25-05-2014","8,467.22","8,467.22","8,467.22","8,467.22","699.77K","-2.32%"
"18-05-2014","8,668.32","8,668.32","8,668.32","8,668.32","483.52K","11.62%"
"11-05-2014","7,765.72","7,765.72","7,765.72","7,765.72","270.09K","4.15%"
"04-05-2014","7,456.09","7,456.09","7,456.09","7,456.09","266.11K","1.34%"
"27-04-2014","7,357.46","7,357.46","7,357.46","7,357.46","244.50K","-0.22%"
"20-04-2014","7,373.64","7,373.64","7,373.64","7,373.64","176.86K","0.47%"
"13-04-2014","7,339.29","7,339.29","7,339.29","7,339.29","240.65K","0.01%"
"06-04-2014","7,338.46","7,338.46","7,338.46","7,338.46","331.92K","1.96%"
"30-03-2014","7,197.62","7,197.62","7,197.62","7,197.62","376.38K","2.67%"
"23-03-2014","7,010.29","7,010.29","7,010.29","7,010.29","204.17K","3.55%"
"16-03-2014","6,769.94","6,769.94","6,769.94","6,769.94","234.28K","1.71%"
"09-03-2014","6,656.18","6,656.18","6,656.18","6,656.18","254.14K","-0.56%"
"02-03-2014","6,693.44","6,693.44","6,693.44","6,693.44","141.88K","2.97%"
"23-02-2014","6,500.42","6,500.42","6,500.42","6,500.42","153.62K","1.22%"
"16-02-2014","6,422.05","6,422.05","6,422.05","6,422.05","157.03K","1.75%"
"09-02-2014","6,311.88","6,311.88","6,311.88","6,311.88","174.57K","-0.39%"
"02-02-2014","6,336.84","6,336.84","6,336.84","6,336.84","192.94K","0.46%"
"26-01-2014","6,308.05","6,308.05","6,308.05","6,308.05","168.60K","-2.28%"
"19-01-2014","6,455.26","6,455.26","6,455.26","6,455.26","174.58K","-0.49%"
"12-01-2014","6,487.03","6,487.03","6,487.03","6,487.03","244.48K","-1.43%"
"05-01-2014","6,581.22","6,581.22","6,581.22","6,581.22","246.11K","-1.17%"
"29-12-2013","6,659.18","6,659.18","6,659.18","6,659.18","210.84K","-0.07%"
"22-12-2013","6,663.76","6,663.76","6,663.76","6,663.76","197.97K","2.48%"
"15-12-2013","6,502.49","6,502.49","6,502.49","6,502.49","192.70K","3.17%"
"08-12-2013","6,302.50","6,302.50","6,302.50","6,302.50","221.37K","-1.35%"
"01-12-2013","6,388.98","6,388.98","6,388.98","6,388.98","218.65K","1.00%"
"24-11-2013","6,325.58","6,325.58","6,325.58","6,325.58","221.19K","2.78%"
"17-11-2013","6,154.28","6,154.28","6,154.28","6,154.28","175.96K","0.22%"
"10-11-2013","6,141.05","6,141.05","6,141.05","6,141.05","215.15K","-1.13%"
"03-11-2013","6,210.94","6,210.94","6,210.94","6,210.94","250.34K","0.54%"
"27-10-2013","6,177.40","6,177.40","6,177.40","6,177.40","242.67K","3.55%"
"20-10-2013","5,965.48","5,965.48","5,965.48","5,965.48","174.04K","1.19%"
"13-10-2013","5,895.23","5,895.23","5,895.23","5,895.23","250.63K","0.42%"
"06-10-2013","5,870.60","5,870.60","5,870.60","5,870.60","143.29K","2.44%"
"29-09-2013","5,731.01","5,731.01","5,731.01","5,731.01","165.91K","1.94%"
"22-09-2013","5,621.77","5,621.77","5,621.77","5,621.77","237.94K","-0.98%"
"15-09-2013","5,677.24","5,677.24","5,677.24","5,677.24","242.44K","0.85%"
"08-09-2013","5,629.15","5,629.15","5,629.15","5,629.15","224.97K","3.27%"
"01-09-2013","5,451.01","5,451.01","5,451.01","5,451.01","226.02K","2.84%"
"25-08-2013","5,300.40","5,300.40","5,300.40","5,300.40","229.34K","-1.09%"
"18-08-2013","5,358.75","5,358.75","5,358.75","5,358.75","218.10K","-1.48%"
"11-08-2013","5,439.05","5,439.05","5,439.05","5,439.05","221.75K","0.55%"
"04-08-2013","5,409.14","5,409.14","5,409.14","5,409.14","298.88K","-0.37%"
"28-07-2013","5,429.04","5,429.04","5,429.04","5,429.04","208.29K","-6.07%"
"21-07-2013","5,779.60","5,779.60","5,779.60","5,779.60","212.84K","-3.57%"
"14-07-2013","5,993.46","5,993.46","5,993.46","5,993.46","175.82K","-0.91%"
"07-07-2013","6,048.41","6,048.41","6,048.41","6,048.41","217.11K","0.94%"
"30-06-2013","5,991.99","5,991.99","5,991.99","5,991.99","233.00K","0.46%"
"23-06-2013","5,964.50","5,964.50","5,964.50","5,964.50","220.63K","-1.21%"
"16-06-2013","6,037.60","6,037.60","6,037.60","6,037.60","283.54K","-2.32%"
"09-06-2013","6,180.98","6,180.98","6,180.98","6,180.98","221.57K","-3.24%"
"02-06-2013","6,388.02","6,388.02","6,388.02","6,388.02","303.03K","-0.02%"
"26-05-2013","6,389.47","6,389.47","6,389.47","6,389.47","280.86K","0.04%"
"19-05-2013","6,387.13","6,387.13","6,387.13","6,387.13","265.64K","-3.43%"
"12-05-2013","6,613.98","6,613.98","6,613.98","6,613.98","282.66K","1.45%"
"05-05-2013","6,519.29","6,519.29","6,519.29","6,519.29","213.76K","2.25%"
"28-04-2013","6,375.97","6,375.97","6,375.97","6,375.97","249.59K","1.61%"
"21-04-2013","6,275.12","6,275.12","6,275.12","6,275.12","199.45K","0.92%"
"14-04-2013","6,218.15","6,218.15","6,218.15","6,218.15","201.99K","1.94%"
"07-04-2013","6,099.64","6,099.64","6,099.64","6,099.64","276.44K","-0.73%"
"31-03-2013","6,144.36","6,144.36","6,144.36","6,144.36","184.92K","0.04%"
"24-03-2013","6,142.06","6,142.06","6,142.06","6,142.06","371.35K","1.02%"
"17-03-2013","6,079.79","6,079.79","6,079.79","6,079.79","316.98K","-4.80%"
"10-03-2013","6,386.13","6,386.13","6,386.13","6,386.13","368.86K","-1.56%"
"03-03-2013","6,487.15","6,487.15","6,487.15","6,487.15","596.40K","2.63%"
"24-02-2013","6,320.95","6,320.95","6,320.95","6,320.95","302.30K","-4.36%"
"17-02-2013","6,609.03","6,609.03","6,609.03","6,609.03","388.65K","-0.27%"
"10-02-2013","6,626.86","6,626.86","6,626.86","6,626.86","358.18K","-1.91%"
"03-02-2013","6,756.01","6,756.01","6,756.01","6,756.01","404.75K","-3.04%"
"27-01-2013","6,967.50","6,967.50","6,967.50","6,967.50","464.48K","-0.10%"
"20-01-2013","6,974.23","6,974.23","6,974.23","6,974.23","357.93K","-2.67%"
"13-01-2013","7,165.46","7,165.46","7,165.46","7,165.46","458.60K","0.12%"
"06-01-2013","7,156.88","7,156.88","7,156.88","7,156.88","429.86K","-2.15%"
"30-12-2012","7,314.12","7,314.12","7,314.12","7,314.12","257.72K","3.12%"
"23-12-2012","7,092.94","7,092.94","7,092.94","7,092.94","370.57K","1.36%"
"16-12-2012","6,997.72","6,997.72","6,997.72","6,997.72","377.40K","-0.02%"
"09-12-2012","6,999.05","6,999.05","6,999.05","6,999.05","466.64K","-1.01%"
"02-12-2012","7,070.37","7,070.37","7,070.37","7,070.37","445.12K","2.44%"
"25-11-2012","6,901.99","6,901.99","6,901.99","6,901.99","262.67K","4.62%"
"18-11-2012","6,597.42","6,597.42","6,597.42","6,597.42","210.81K","-0.91%"
"11-11-2012","6,658.33","6,658.33","6,658.33","6,658.33","281.42K","-0.04%"
"04-11-2012","6,660.68","6,660.68","6,660.68","6,660.68","267.71K","0.23%"
"28-10-2012","6,645.45","6,645.45","6,645.45","6,645.45","236.82K","0.64%"
"21-10-2012","6,603.15","6,603.15","6,603.15","6,603.15","297.13K","-1.03%"
"14-10-2012","6,671.62","6,671.62","6,671.62","6,671.62","362.49K","-0.08%"
"07-10-2012","6,676.85","6,676.85","6,676.85","6,676.85","322.47K","-0.03%"
"30-09-2012","6,678.77","6,678.77","6,678.77","6,678.77","429.44K","1.08%"
"23-09-2012","6,607.29","6,607.29","6,607.29","6,607.29","304.90K","2.72%"
"16-09-2012","6,432.43","6,432.43","6,432.43","6,432.43","225.39K","3.00%"
"09-09-2012","6,244.90","6,244.90","6,244.90","6,244.90","212.85K","2.18%"
"02-09-2012","6,111.43","6,111.43","6,111.43","6,111.43","272.18K","1.77%"
"26-08-2012","6,005.02","6,005.02","6,005.02","6,005.02","202.38K","-1.87%"
"19-08-2012","6,119.21","6,119.21","6,119.21","6,119.21","191.69K","-0.63%"
"12-08-2012","6,157.96","6,157.96","6,157.96","6,157.96","238.22K","0.96%"
"05-08-2012","6,099.61","6,099.61","6,099.61","6,099.61","228.24K","0.45%"
"29-07-2012","6,072.53","6,072.53","6,072.53","6,072.53","289.21K","3.14%"
"22-07-2012","5,887.50","5,887.50","5,887.50","5,887.50","201.91K","-4.80%"
"15-07-2012","6,184.10","6,184.10","6,184.10","6,184.10","252.87K","-1.02%"
"08-07-2012","6,247.89","6,247.89","6,247.89","6,247.89","365.51K","-1.05%"
"01-07-2012","6,313.90","6,313.90","6,313.90","6,313.90","283.53K","2.60%"
"24-06-2012","6,153.72","6,153.72","6,153.72","6,153.72","270.01K","2.39%"
"17-06-2012","6,010.21","6,010.21","6,010.21","6,010.21","282.30K","0.87%"
"10-06-2012","5,958.50","5,958.50","5,958.50","5,958.50","280.94K","-0.50%"
"03-06-2012","5,988.21","5,988.21","5,988.21","5,988.21","235.55K","2.86%"
"27-05-2012","5,821.63","5,821.63","5,821.63","5,821.63","248.01K","-1.34%"
"20-05-2012","5,900.51","5,900.51","5,900.51","5,900.51","276.55K","0.61%"
"13-05-2012","5,864.72","5,864.72","5,864.72","5,864.72","330.86K","-1.41%"
"06-05-2012","5,948.71","5,948.71","5,948.71","5,948.71","226.13K","-2.49%"
"29-04-2012","6,100.80","6,100.80","6,100.80","6,100.80","239.20K","-2.24%"
"22-04-2012","6,240.80","6,240.80","6,240.80","6,240.80","268.85K","-2.76%"
"15-04-2012","6,417.72","6,417.72","6,417.72","6,417.72","280.39K","1.26%"
"08-04-2012","6,337.97","6,337.97","6,337.97","6,337.97","183.56K","-2.10%"
"01-04-2012","6,473.87","6,473.87","6,473.87","6,473.87","354.05K","2.01%"
"25-03-2012","6,346.38","6,346.38","6,346.38","6,346.38","365.29K","-0.07%"
"18-03-2012","6,350.92","6,350.92","6,350.92","6,350.92","438.20K","-0.17%"
"11-03-2012","6,361.59","6,361.59","6,361.59","6,361.59","305.35K","0.50%"
"04-03-2012","6,330.15","6,330.15","6,330.15","6,330.15","555.80K","-0.24%"
"26-02-2012","6,345.43","6,345.43","6,345.43","6,345.43","476.79K","0.72%"
"19-02-2012","6,300.07","6,300.07","6,300.07","6,300.07","651.15K","-3.74%"
"12-02-2012","6,544.56","6,544.56","6,544.56","6,544.56","508.05K","4.77%"
"05-02-2012","6,246.61","6,246.61","6,246.61","6,246.61","445.60K","3.32%"
"29-01-2012","6,046.10","6,046.10","6,046.10","6,046.10","413.12K","2.96%"
"22-01-2012","5,872.36","5,872.36","5,872.36","5,872.36","385.92K","3.39%"
"15-01-2012","5,680.07","5,680.07","5,680.07","5,680.07","383.50K","1.75%"
"08-01-2012","5,582.34","5,582.34","5,582.34","5,582.34","243.57K","6.14%"
"01-01-2012","5,259.24","5,259.24","5,259.24","5,259.24","214.48K","2.42%"
"25-12-2011","5,135.05","5,135.05","5,135.05","5,135.05","276.91K","-0.97%"
"18-12-2011","5,185.19","5,185.19","5,185.19","5,185.19","240.37K","-1.74%"
"11-12-2011","5,277.27","5,277.27","5,277.27","5,277.27","191.85K","-6.11%"
"04-12-2011","5,620.85","5,620.85","5,620.85","5,620.85","241.66K","-2.47%"
"27-11-2011","5,763.40","5,763.40","5,763.40","5,763.40","314.91K","2.69%"
"20-11-2011","5,612.63","5,612.63","5,612.63","5,612.63","331.59K","-1.82%"
"13-11-2011","5,716.45","5,716.45","5,716.45","5,716.45","151.43K","-7.24%"
"06-11-2011","6,162.35","6,162.35","6,162.35","6,162.35","253.57K","-2.16%"
"30-10-2011","6,298.39","6,298.39","6,298.39","6,298.39","137.67K","0.37%"
"23-10-2011","6,274.93","6,274.93","6,274.93","6,274.93","225.14K","2.67%"
"16-10-2011","6,111.87","6,111.87","6,111.87","6,111.87","236.41K","-1.26%"
"09-10-2011","6,189.92","6,189.92","6,189.92","6,189.92","228.49K","3.87%"
"02-10-2011","5,959.28","5,959.28","5,959.28","5,959.28","239.59K","-2.78%"
"25-09-2011","6,129.59","6,129.59","6,129.59","6,129.59","391.45K","-1.50%"
"18-09-2011","6,222.80","6,222.80","6,222.80","6,222.80","373.84K","-2.62%"
"11-09-2011","6,390.12","6,390.12","6,390.12","6,390.12","453.21K","-0.70%"
"04-09-2011","6,435.48","6,435.48","6,435.48","6,435.48","201.78K","1.75%"
"28-08-2011","6,324.61","6,324.61","6,324.61","6,324.61","298.94K","4.80%"
"21-08-2011","6,034.86","6,034.86","6,034.86","6,034.86","258.88K","-1.51%"
"14-08-2011","6,127.10","6,127.10","6,127.10","6,127.10","304.62K","-5.93%"
"07-08-2011","6,513.68","6,513.68","6,513.68","6,513.68","283.88K","-1.14%"
"31-07-2011","6,588.85","6,588.85","6,588.85","6,588.85","271.48K","-4.72%"
"24-07-2011","6,915.31","6,915.31","6,915.31","6,915.31","271.36K","-1.86%"
"17-07-2011","7,046.12","7,046.12","7,046.12","7,046.12","236.33K","0.56%"
"10-07-2011","7,006.75","7,006.75","7,006.75","7,006.75","312.68K","0.15%"
"03-07-2011","6,996.31","6,996.31","6,996.31","6,996.31","299.09K","1.37%"
"26-06-2011","6,901.67","6,901.67","6,901.67","6,901.67","434.79K","3.45%"
"19-06-2011","6,671.70","6,671.70","6,671.70","6,671.70","220.51K","-2.10%"
"12-06-2011","6,814.79","6,814.79","6,814.79","6,814.79","238.77K","-1.21%"
"05-06-2011","6,898.28","6,898.28","6,898.28","6,898.28","278.15K","0.03%"
"29-05-2011","6,896.14","6,896.14","6,896.14","6,896.14","194.87K","2.46%"
"22-05-2011","6,730.36","6,730.36","6,730.36","6,730.36","169.76K","-0.39%"
"15-05-2011","6,756.41","6,756.41","6,756.41","6,756.41","203.62K","-2.12%"
"08-05-2011","6,902.58","6,902.58","6,902.58","6,902.58","234.77K","0.57%"
"01-05-2011","6,863.78","6,863.78","6,863.78","6,863.78","295.92K","-3.25%"
"24-04-2011","7,094.26","7,094.26","7,094.26","7,094.26","245.48K","-1.95%"
"17-04-2011","7,235.33","7,235.33","7,235.33","7,235.33","168.29K","0.36%"
"10-04-2011","7,209.17","7,209.17","7,209.17","7,209.17","420.03K","0.50%"
"03-04-2011","7,173.50","7,173.50","7,173.50","7,173.50","344.82K","2.73%"
"27-03-2011","6,982.94","6,982.94","6,982.94","6,982.94","303.69K","3.89%"
"20-03-2011","6,721.56","6,721.56","6,721.56","6,721.56","244.70K","3.25%"
"13-03-2011","6,509.68","6,509.68","6,509.68","6,509.68","257.62K","-0.30%"
"06-03-2011","6,529.28","6,529.28","6,529.28","6,529.28","312.03K","-0.95%"
"27-02-2011","6,592.12","6,592.12","6,592.12","6,592.12","343.39K","3.76%"
"20-02-2011","6,353.52","6,353.52","6,353.52","6,353.52","404.60K","-4.63%"
"13-02-2011","6,661.65","6,661.65","6,661.65","6,661.65","466.92K","2.87%"
"06-02-2011","6,475.92","6,475.92","6,475.92","6,475.92","375.38K","-3.84%"
"30-01-2011","6,734.52","6,734.52","6,734.52","6,734.52","302.41K","-2.38%"
"23-01-2011","6,898.37","6,898.37","6,898.37","6,898.37","353.24K","-4.08%"
"16-01-2011","7,191.87","7,191.87","7,191.87","7,191.87","384.04K","-0.44%"
"09-01-2011","7,223.78","7,223.78","7,223.78","7,223.78","323.34K","-3.31%"
"02-01-2011","7,470.70","7,470.70","7,470.70","7,470.70","284.84K","-4.26%"
"26-12-2010","7,802.71","7,802.71","7,802.71","7,802.71","427.23K","2.30%"
"19-12-2010","7,627.20","7,627.20","7,627.20","7,627.20","335.55K","0.78%"
"12-12-2010","7,568.01","7,568.01","7,568.01","7,568.01","418.54K","2.19%"
"05-12-2010","7,405.97","7,405.97","7,405.97","7,405.97","469.31K","-6.05%"
"28-11-2010","7,883.02","7,883.02","7,883.02","7,883.02","472.58K","3.55%"
"21-11-2010","7,612.49","7,612.49","7,612.49","7,612.49","330.01K","-5.76%"
"14-11-2010","8,077.36","8,077.36","8,077.36","8,077.36","438.38K","-4.21%"
"07-11-2010","8,432.14","8,432.14","8,432.14","8,432.14","337.19K","-2.84%"
"31-10-2010","8,678.97","8,678.97","8,678.97","8,678.97","440.88K","4.53%"
"24-10-2010","8,302.56","8,302.56","8,302.56","8,302.56","524.95K","-1.46%"
"17-10-2010","8,425.80","8,425.80","8,425.80","8,425.80","476.60K","1.37%"
"10-10-2010","8,311.66","8,311.66","8,311.66","8,311.66","561.27K","-0.23%"
"03-10-2010","8,330.57","8,330.57","8,330.57","8,330.57","372.95K","1.42%"
"26-09-2010","8,213.67","8,213.67","8,213.67","8,213.67","411.02K","1.21%"
"19-09-2010","8,115.16","8,115.16","8,115.16","8,115.16","361.24K","0.13%"
"12-09-2010","8,104.28","8,104.28","8,104.28","8,104.28","324.32K","0.67%"
"05-09-2010","8,050.73","8,050.73","8,050.73","8,050.73","321.69K","2.44%"
"29-08-2010","7,859.11","7,859.11","7,859.11","7,859.11","338.62K","2.94%"
"22-08-2010","7,634.71","7,634.71","7,634.71","7,634.71","450.28K","-2.38%"
"15-08-2010","7,821.20","7,821.20","7,821.20","7,821.20","405.45K","2.34%"
"08-08-2010","7,642.04","7,642.04","7,642.04","7,642.04","415.04K","1.43%"
"01-08-2010","7,534.45","7,534.45","7,534.45","7,534.45","305.01K","1.71%"
"25-07-2010","7,407.91","7,407.91","7,407.91","7,407.91","326.18K","-0.34%"
"18-07-2010","7,433.24","7,433.24","7,433.24","7,433.24","301.25K","0.48%"
"11-07-2010","7,397.78","7,397.78","7,397.78","7,397.78","296.67K","1.10%"
"04-07-2010","7,317.15","7,317.15","7,317.15","7,317.15","351.66K","2.79%"
"27-06-2010","7,118.43","7,118.43","7,118.43","7,118.43","350.60K","0.51%"
"20-06-2010","7,082.51","7,082.51","7,082.51","7,082.51","314.20K","1.53%"
"13-06-2010","6,975.63","6,975.63","6,975.63","6,975.63","283.82K","1.32%"
"06-06-2010","6,884.82","6,884.82","6,884.82","6,884.82","407.27K","-0.08%"
"30-05-2010","6,890.19","6,890.19","6,890.19","6,890.19","277.38K","1.99%"
"23-05-2010","6,756.01","6,756.01","6,756.01","6,756.01","300.13K","1.01%"
"16-05-2010","6,688.39","6,688.39","6,688.39","6,688.39","291.32K","-3.65%"
"09-05-2010","6,942.06","6,942.06","6,942.06","6,942.06","340.04K","1.58%"
"02-05-2010","6,834.25","6,834.25","6,834.25","6,834.25","322.00K","-4.88%"
"25-04-2010","7,184.78","7,184.78","7,184.78","7,184.78","337.32K","0.74%"
"18-04-2010","7,131.95","7,131.95","7,131.95","7,131.95","247.81K","1.55%"
"11-04-2010","7,023.35","7,023.35","7,023.35","7,023.35","391.73K","-0.87%"
"04-04-2010","7,084.96","7,084.96","7,084.96","7,084.96","245.36K","3.19%"
"28-03-2010","6,865.86","6,865.86","6,865.86","6,865.86","267.98K","1.53%"
"21-03-2010","6,762.41","6,762.41","6,762.41","6,762.41","337.05K","-0.02%"
"14-03-2010","6,764.07","6,764.07","6,764.07","6,764.07","312.05K","0.94%"
"07-03-2010","6,700.85","6,700.85","6,700.85","6,700.85","313.35K","-0.51%"
"28-02-2010","6,735.49","6,735.49","6,735.49","6,735.49","324.77K","5.28%"
"21-02-2010","6,397.82","6,397.82","6,397.82","6,397.82","305.65K","-0.54%"
"14-02-2010","6,432.36","6,432.36","6,432.36","6,432.36","297.33K","-1.19%"
"07-02-2010","6,509.74","6,509.74","6,509.74","6,509.74","432.87K","2.56%"
"31-01-2010","6,347.37","6,347.37","6,347.37","6,347.37","423.59K","-2.50%"
"24-01-2010","6,509.80","6,509.80","6,509.80","6,509.80","593.72K","-4.04%"
"17-01-2010","6,783.66","6,783.66","6,783.66","6,783.66","531.26K","-3.78%"
"10-01-2010","7,050.41","7,050.41","7,050.41","7,050.41","554.44K","1.50%"
"03-01-2010","6,946.00","6,946.00","6,946.00","6,946.00","250.60K","3.40%"
"27-12-2009","6,717.82","6,717.82","6,717.82","6,717.82","277.61K","1.15%"
"20-12-2009","6,641.14","6,641.14","6,641.14","6,641.14","349.67K","2.64%"
"13-12-2009","6,470.58","6,470.58","6,470.58","6,470.58","446.63K","-1.58%"
"06-12-2009","6,574.49","6,574.49","6,574.49","6,574.49","445.46K","-0.40%"
"29-11-2009","6,600.97","6,600.97","6,600.97","6,600.97","429.15K","4.57%"
"22-11-2009","6,312.76","6,312.76","6,312.76","6,312.76","419.32K","-2.36%"
"15-11-2009","6,465.61","6,465.61","6,465.61","6,465.61","577.83K","0.73%"
"08-11-2009","6,418.65","6,418.65","6,418.65","6,418.65","407.79K","2.63%"
"01-11-2009","6,254.36","6,254.36","6,254.36","6,254.36","470.87K","3.99%"
"25-10-2009","6,014.30","6,014.30","6,014.30","6,014.30","387.96K","-7.63%"
"18-10-2009","6,510.89","6,510.89","6,510.89","6,510.89","510.03K","-1.48%"
"11-10-2009","6,608.49","6,608.49","6,608.49","6,608.49","533.71K","4.87%"
"04-10-2009","6,301.38","6,301.38","6,301.38","6,301.38","330.88K","-0.01%"
"27-09-2009","6,302.01","6,302.01","6,302.01","6,302.01","491.39K","1.21%"
"20-09-2009","6,226.93","6,226.93","6,226.93","6,226.93","643.22K","0.90%"
"13-09-2009","6,171.23","6,171.23","6,171.23","6,171.23","643.16K","4.22%"
"06-09-2009","5,921.61","5,921.61","5,921.61","5,921.61","578.06K","1.52%"
"30-08-2009","5,833.22","5,833.22","5,833.22","5,833.22","576.34K","-0.52%"
"23-08-2009","5,863.70","5,863.70","5,863.70","5,863.70","487.26K","5.48%"
"16-08-2009","5,559.32","5,559.32","5,559.32","5,559.32","552.77K","-0.79%"
"09-08-2009","5,603.81","5,603.81","5,603.81","5,603.81","634.69K","3.14%"
"02-08-2009","5,433.25","5,433.25","5,433.25","5,433.25","691.18K","-2.47%"
"26-07-2009","5,571.02","5,571.02","5,571.02","5,571.02","717.69K","3.52%"
"19-07-2009","5,381.81","5,381.81","5,381.81","5,381.81","593.77K","5.41%"
"12-07-2009","5,105.59","5,105.59","5,105.59","5,105.59","585.13K","8.20%"
"05-07-2009","4,718.59","4,718.59","4,718.59","4,718.59","647.30K","-9.03%"
"28-06-2009","5,187.22","5,187.22","5,187.22","5,187.22","711.93K","0.32%"
"21-06-2009","5,170.90","5,170.90","5,170.90","5,170.90","791.53K","4.28%"
"14-06-2009","4,958.73","4,958.73","4,958.73","4,958.73","972.93K","-5.28%"
"07-06-2009","5,235.03","5,235.03","5,235.03","5,235.03","1.20M","-3.23%"
"31-05-2009","5,409.78","5,409.78","5,409.78","5,409.78","902.85K","6.98%"
"24-05-2009","5,056.74","5,056.74","5,056.74","5,056.74","920.87K","6.33%"
"17-05-2009","4,755.68","4,755.68","4,755.68","4,755.68","","24.92%"
"10-05-2009","3,807.07","3,807.07","3,807.07","3,807.07","","0.97%"
"03-05-2009","3,770.42","3,770.42","3,770.42","3,770.42","","21.28%"
"26-04-2009","3,108.81","3,108.81","3,108.81","3,108.81","","-13.65%"
"19-04-2009","3,600.09","3,600.09","3,600.09","3,600.09","","3.67%"
"12-04-2009","3,472.60","3,472.60","3,472.60","3,472.60","","3.40%"
"05-04-2009","3,358.35","3,358.35","3,358.35","3,358.35","","7.45%"
"29-03-2009","3,125.42","3,125.42","3,125.42","3,125.42","","6.52%"
"22-03-2009","2,934.16","2,934.16","2,934.16","2,934.16","","6.27%"
"15-03-2009","2,761.06","2,761.06","2,761.06","2,761.06","","4.57%"
"08-03-2009","2,640.36","2,640.36","2,640.36","2,640.36","","2.09%"
"01-03-2009","2,586.30","2,586.30","2,586.30","2,586.30","","-6.24%"
"22-02-2009","2,758.29","2,758.29","2,758.29","2,758.29","","-1.20%"
"15-02-2009","2,791.72","2,791.72","2,791.72","2,791.72","","-7.34%"
"08-02-2009","3,012.95","3,012.95","3,012.95","3,012.95","","4.51%"
"01-02-2009","2,882.80","2,882.80","2,882.80","2,882.80","","-1.99%"
"25-01-2009","2,941.47","2,941.47","2,941.47","2,941.47","","3.20%"
"18-01-2009","2,850.19","2,850.19","2,850.19","2,850.19","","-5.84%"
"11-01-2009","3,026.83","3,026.83","3,026.83","3,026.83","","-3.01%"
"04-01-2009","3,120.79","3,120.79","3,120.79","3,120.79","","-7.97%"
"28-12-2008","3,391.18","3,391.18","3,391.18","3,391.18","","9.16%"
"21-12-2008","3,106.68","3,106.68","3,106.68","3,106.68","","-4.82%"
"14-12-2008","3,263.99","3,263.99","3,263.99","3,263.99","","7.00%"
"07-12-2008","3,050.48","3,050.48","3,050.48","3,050.48","","5.45%"
"30-11-2008","2,892.95","2,892.95","2,892.95","2,892.95","","0.25%"
"23-11-2008","2,885.76","2,885.76","2,885.76","2,885.76","","-1.06%"
"16-11-2008","2,916.66","2,916.66","2,916.66","2,916.66","","-9.31%"
"09-11-2008","3,216.08","3,216.08","3,216.08","3,216.08","","-4.15%"
"02-11-2008","3,355.38","3,355.38","3,355.38","3,355.38","","4.85%"
"26-10-2008","3,200.02","3,200.02","3,200.02","3,200.02","","3.37%"
"19-10-2008","3,095.68","3,095.68","3,095.68","3,095.68","","-12.67%"
"12-10-2008","3,544.84","3,544.84","3,544.84","3,544.84","","-3.57%"
"05-10-2008","3,676.00","3,676.00","3,676.00","3,676.00","","-21.42%"
"28-09-2008","4,677.80","4,677.80","4,677.80","4,677.80","","-5.32%"
"21-09-2008","4,940.82","4,940.82","4,940.82","4,940.82","","-5.51%"
"14-09-2008","5,228.78","5,228.78","5,228.78","5,228.78","","-5.57%"
"07-09-2008","5,537.14","5,537.14","5,537.14","5,537.14","","-3.76%"
"31-08-2008","5,753.72","5,753.72","5,753.72","5,753.72","","0.20%"
"24-08-2008","5,742.29","5,742.29","5,742.29","5,742.29","","0.27%"
"17-08-2008","5,726.85","5,726.85","5,726.85","5,726.85","","-1.66%"
"10-08-2008","5,823.42","5,823.42","5,823.42","5,823.42","","-1.08%"
"03-08-2008","5,886.97","5,886.97","5,886.97","5,886.97","","4.33%"
"27-07-2008","5,642.74","5,642.74","5,642.74","5,642.74","","1.26%"
"20-07-2008","5,572.59","5,572.59","5,572.59","5,572.59","","6.36%"
"13-07-2008","5,239.39","5,239.39","5,239.39","5,239.39","","-2.35%"
"06-07-2008","5,365.34","5,365.34","5,365.34","5,365.34","","1.65%"
"29-06-2008","5,278.24","5,278.24","5,278.24","5,278.24","","-5.05%"
"22-06-2008","5,558.75","5,558.75","5,558.75","5,558.75","","-7.85%"
"15-06-2008","6,032.43","6,032.43","6,032.43","6,032.43","","-3.14%"
"08-06-2008","6,228.17","6,228.17","6,228.17","6,228.17","","-1.92%"
"01-06-2008","6,350.15","6,350.15","6,350.15","6,350.15","","-6.07%"
"25-05-2008","6,760.54","6,760.54","6,760.54","6,760.54","","-2.55%"
"18-05-2008","6,937.11","6,937.11","6,937.11","6,937.11","","-2.70%"
"11-05-2008","7,129.70","7,129.70","7,129.70","7,129.70","","1.96%"
"04-05-2008","6,992.66","6,992.66","6,992.66","6,992.66","","-3.38%"
"27-04-2008","7,237.47","7,237.47","7,237.47","7,237.47","","2.57%"
"20-04-2008","7,056.21","7,056.21","7,056.21","7,056.21","","3.22%"
"13-04-2008","6,836.39","6,836.39","6,836.39","6,836.39","","4.80%"
"06-04-2008","6,523.22","6,523.22","6,523.22","6,523.22","","4.16%"
"30-03-2008","6,262.85","6,262.85","6,262.85","6,262.85","","-3.99%"
"23-03-2008","6,522.79","6,522.79","6,522.79","6,522.79","","9.37%"
"16-03-2008","5,964.10","5,964.10","5,964.10","5,964.10","","-9.41%"
"09-03-2008","6,583.45","6,583.45","6,583.45","6,583.45","","-3.25%"
"02-03-2008","6,804.39","6,804.39","6,804.39","6,804.39","","-11.41%"
"24-02-2008","7,680.39","7,680.39","7,680.39","7,680.39","","1.13%"
"17-02-2008","7,594.45","7,594.45","7,594.45","7,594.45","","0.03%"
"10-02-2008","7,592.08","7,592.08","7,592.08","7,592.08","","-0.54%"
"03-02-2008","7,633.27","7,633.27","7,633.27","7,633.27","","-1.65%"
"27-01-2008","7,761.54","7,761.54","7,761.54","7,761.54","","-3.24%"
"20-01-2008","8,021.12","8,021.12","8,021.12","8,021.12","","-9.81%"
"13-01-2008","8,893.71","8,893.71","8,893.71","8,893.71","","-5.77%"
"06-01-2008","9,438.48","9,438.48","9,438.48","9,438.48","","-6.67%"
"30-12-2007","10,113.06","10,113.06","10,113.06","10,113.06","","5.62%"
"23-12-2007","9,574.57","9,574.57","9,574.57","9,574.57","","39.42%"
"16-12-2007","6,867.42","6,867.42","6,867.42","6,867.42","","-27.50%"
"09-12-2007","9,471.94","9,471.94","9,471.94","9,471.94","","4.99%"
"02-12-2007","9,021.96","9,021.96","9,021.96","9,021.96","","5.48%"
"25-11-2007","8,553.56","8,553.56","8,553.56","8,553.56","","3.95%"
"18-11-2007","8,228.50","8,228.50","8,228.50","8,228.50","","-3.33%"
"11-11-2007","8,512.38","8,512.38","8,512.38","8,512.38","","6.22%"
"04-11-2007","8,013.63","8,013.63","8,013.63","8,013.63","","-0.10%"
"28-10-2007","8,021.80","8,021.80","8,021.80","8,021.80","","1.28%"
"21-10-2007","7,920.66","7,920.66","7,920.66","7,920.66","","9.42%"
"14-10-2007","7,238.58","7,238.58","7,238.58","7,238.58","","-3.86%"
"07-10-2007","7,529.54","7,529.54","7,529.54","7,529.54","","0.59%"
"30-09-2007","7,485.51","7,485.51","7,485.51","7,485.51","","0.85%"
"23-09-2007","7,422.43","7,422.43","7,422.43","7,422.43","","3.09%"
"16-09-2007","7,199.92","7,199.92","7,199.92","7,199.92","","4.39%"
"09-09-2007","6,897.00","6,897.00","6,897.00","6,897.00","","0.66%"
"02-09-2007","6,851.65","6,851.65","6,851.65","6,851.65","","3.68%"
"26-08-2007","6,608.42","6,608.42","6,608.42","6,608.42","","6.75%"
"19-08-2007","6,190.45","6,190.45","6,190.45","6,190.45","","-1.10%"
"12-08-2007","6,259.47","6,259.47","6,259.47","6,259.47","","-3.81%"
"05-08-2007","6,507.62","6,507.62","6,507.62","6,507.62","","-1.48%"
"29-07-2007","6,605.24","6,605.24","6,605.24","6,605.24","","0.10%"
"22-07-2007","6,598.32","6,598.32","6,598.32","6,598.32","","-3.48%"
"15-07-2007","6,836.07","6,836.07","6,836.07","6,836.07","","0.60%"
"08-07-2007","6,795.30","6,795.30","6,795.30","6,795.30","","2.63%"
"01-07-2007","6,620.85","6,620.85","6,620.85","6,620.85","","1.44%"
"24-06-2007","6,527.03","6,527.03","6,527.03","6,527.03","","2.41%"
"17-06-2007","6,373.70","6,373.70","6,373.70","6,373.70","","3.12%"
"10-06-2007","6,180.92","6,180.92","6,180.92","6,180.92","","0.40%"
"03-06-2007","6,156.22","6,156.22","6,156.22","6,156.22","","-1.73%"
"27-05-2007","6,264.28","6,264.28","6,264.28","6,264.28","","1.97%"
"20-05-2007","6,143.14","6,143.14","6,143.14","6,143.14","","0.87%"
"13-05-2007","6,089.95","6,089.95","6,089.95","6,089.95","","4.08%"
"06-05-2007","5,851.27","5,851.27","5,851.27","5,851.27","","-0.20%"
"29-04-2007","5,863.16","5,863.16","5,863.16","5,863.16","","2.26%"
"22-04-2007","5,733.53","5,733.53","5,733.53","5,733.53","","0.60%"
"15-04-2007","5,699.08","5,699.08","5,699.08","5,699.08","","2.20%"
"08-04-2007","5,576.50","5,576.50","5,576.50","5,576.50","","55.74%"
"01-04-2007","3,580.67","3,580.67","3,580.67","3,580.67","","-33.50%"
"25-03-2007","5,384.12","5,384.12","5,384.12","5,384.12","","-0.32%"
"18-03-2007","5,401.33","5,401.33","5,401.33","5,401.33","","3.17%"
"11-03-2007","5,235.57","5,235.57","5,235.57","5,235.57","","0.14%"
"04-03-2007","5,228.44","5,228.44","5,228.44","5,228.44","","-4.35%"
"25-02-2007","5,466.24","5,466.24","5,466.24","5,466.24","","-3.51%"
"18-02-2007","5,664.89","5,664.89","5,664.89","5,664.89","","44.28%"
"11-02-2007","3,926.44","3,926.44","3,926.44","3,926.44","","-35.26%"
"04-02-2007","6,064.79","6,064.79","6,064.79","6,064.79","","-0.87%"
"28-01-2007","6,118.20","6,118.20","6,118.20","6,118.20","","52.82%"
"21-01-2007","4,003.61","4,003.61","4,003.61","4,003.61","","-34.10%"
"14-01-2007","6,075.52","6,075.52","6,075.52","6,075.52","","1.69%"
"07-01-2007","5,974.64","5,974.64","5,974.64","5,974.64","","0.64%"
"31-12-2006","5,936.67","5,936.67","5,936.67","5,936.67","","2.27%"
"24-12-2006","5,805.18","5,805.18","5,805.18","5,805.18","","2.77%"
"17-12-2006","5,648.77","5,648.77","5,648.77","5,648.77","","-0.22%"
"10-12-2006","5,661.37","5,661.37","5,661.37","5,661.37","","-1.46%"
"03-12-2006","5,745.54","5,745.54","5,745.54","5,745.54","","-0.52%"
"26-11-2006","5,775.42","5,775.42","5,775.42","5,775.42","","2.13%"
"19-11-2006","5,654.71","5,654.71","5,654.71","5,654.71","","2.79%"
"12-11-2006","5,501.28","5,501.28","5,501.28","5,501.28","","-1.70%"
"05-11-2006","5,596.21","5,596.21","5,596.21","5,596.21","","1.86%"
"29-10-2006","5,494.04","5,494.04","5,494.04","5,494.04","","1.81%"
"22-10-2006","5,396.27","5,396.27","5,396.27","5,396.27","","1.78%"
"15-10-2006","5,302.09","5,302.09","5,302.09","5,302.09","","0.26%"
"08-10-2006","5,288.30","5,288.30","5,288.30","5,288.30","","0.46%"
"01-10-2006","5,264.24","5,264.24","5,264.24","5,264.24","","2.25%"
"24-09-2006","5,148.38","5,148.38","5,148.38","5,148.38","","2.82%"
"17-09-2006","5,007.41","5,007.41","5,007.41","5,007.41","","-0.55%"
"10-09-2006","5,035.12","5,035.12","5,035.12","5,035.12","","-0.12%"
"03-09-2006","5,041.35","5,041.35","5,041.35","5,041.35","","4.03%"
"27-08-2006","4,846.21","4,846.21","4,846.21","4,846.21","","0.68%"
"20-08-2006","4,813.59","4,813.59","4,813.59","4,813.59","","0.91%"
"13-08-2006","4,770.31","4,770.31","4,770.31","4,770.31","","3.31%"
"06-08-2006","4,617.42","4,617.42","4,617.42","4,617.42","","5.92%"
"30-07-2006","4,359.42","4,359.42","4,359.42","4,359.42","","1.91%"
"23-07-2006","4,277.53","4,277.53","4,277.53","4,277.53","","6.12%"
"16-07-2006","4,030.82","4,030.82","4,030.82","4,030.82","","-7.42%"
"09-07-2006","4,354.08","4,354.08","4,354.08","4,354.08","","0.60%"
"02-07-2006","4,328.05","4,328.05","4,328.05","4,328.05","","-1.21%"
"25-06-2006","4,381.11","4,381.11","4,381.11","4,381.11","","-0.91%"
"18-06-2006","4,421.13","4,421.13","4,421.13","4,421.13","","8.15%"
"11-06-2006","4,087.97","4,087.97","4,087.97","4,087.97","","-2.44%"
"04-06-2006","4,190.25","4,190.25","4,190.25","4,190.25","","-14.02%"
"28-05-2006","4,873.40","4,873.40","4,873.40","4,873.40","","-5.70%"
"21-05-2006","5,168.06","5,168.06","5,168.06","5,168.06","","-2.36%"
"14-05-2006","5,292.87","5,292.87","5,292.87","5,292.87","","-11.25%"
"07-05-2006","5,963.59","5,963.59","5,963.59","5,963.59","","0.59%"
"30-04-2006","5,928.33","5,928.33","5,928.33","5,928.33","","4.02%"
"23-04-2006","5,698.95","5,698.95","5,698.95","5,698.95","","1.27%"
"16-04-2006","5,627.29","5,627.29","5,627.29","5,627.29","","4.78%"
"09-04-2006","5,370.60","5,370.60","5,370.60","5,370.60","","-2.97%"
"02-04-2006","5,534.77","5,534.77","5,534.77","5,534.77","","3.48%"
"26-03-2006","5,348.62","5,348.62","5,348.62","5,348.62","","4.74%"
"19-03-2006","5,106.55","5,106.55","5,106.55","5,106.55","","1.09%"
"12-03-2006","5,051.66","5,051.66","5,051.66","5,051.66","","0.07%"
"05-03-2006","5,047.95","5,047.95","5,047.95","5,047.95","","2.64%"
"26-02-2006","4,918.03","4,918.03","4,918.03","4,918.03","","3.46%"
"19-02-2006","4,753.47","4,753.47","4,753.47","4,753.47","","-0.03%"
"12-02-2006","4,754.88","4,754.88","4,754.88","4,754.88","","-0.82%"
"05-02-2006","4,794.39","4,794.39","4,794.39","4,794.39","","2.24%"
"29-01-2006","4,689.56","4,689.56","4,689.56","4,689.56","","-1.87%"
"22-01-2006","4,778.85","4,778.85","4,778.85","4,778.85","","1.51%"
"15-01-2006","4,707.92","4,707.92","4,707.92","4,707.92","","1.30%"
"08-01-2006","4,647.42","4,647.42","4,647.42","4,647.42","","0.43%"
"01-01-2006","4,627.31","4,627.31","4,627.31","4,627.31","","4.52%"
"25-12-2005","4,427.03","4,427.03","4,427.03","4,427.03","","1.69%"
"18-12-2005","4,353.25","4,353.25","4,353.25","4,353.25","","-0.22%"
"11-12-2005","4,362.78","4,362.78","4,362.78","4,362.78","","0.35%"
"04-12-2005","4,347.41","4,347.41","4,347.41","4,347.41","","2.41%"
"27-11-2005","4,244.99","4,244.99","4,244.99","4,244.99","","2.95%"
"20-11-2005","4,123.51","4,123.51","4,123.51","4,123.51","","0.27%"
"13-11-2005","4,112.60","4,112.60","4,112.60","4,112.60","","1.64%"
"06-11-2005","4,046.12","4,046.12","4,046.12","4,046.12","","5.55%"
"30-10-2005","3,833.40","3,833.40","3,833.40","3,833.40","","4.23%"
"23-10-2005","3,677.66","3,677.66","3,677.66","3,677.66","","-4.28%"
"16-10-2005","3,842.15","3,842.15","3,842.15","3,842.15","","-4.46%"
"09-10-2005","4,021.52","4,021.52","4,021.52","4,021.52","","-4.03%"
"02-10-2005","4,190.32","4,190.32","4,190.32","4,190.32","","-0.15%"
"25-09-2005","4,196.70","4,196.70","4,196.70","4,196.70","","4.17%"
"18-09-2005","4,028.55","4,028.55","4,028.55","4,028.55","","-6.54%"
"11-09-2005","4,310.67","4,310.67","4,310.67","4,310.67","","3.62%"
"04-09-2005","4,159.89","4,159.89","4,159.89","4,159.89","","1.06%"
"28-08-2005","4,116.26","4,116.26","4,116.26","4,116.26","","3.64%"
"21-08-2005","3,971.61","3,971.61","3,971.61","3,971.61","","-1.00%"
"14-08-2005","4,011.83","4,011.83","4,011.83","4,011.83","","1.64%"
"07-08-2005","3,947.20","3,947.20","3,947.20","3,947.20","","2.46%"
"31-07-2005","3,852.49","3,852.49","3,852.49","3,852.49","","4.66%"
"24-07-2005","3,680.92","3,680.92","3,680.92","3,680.92","","-0.89%"
"17-07-2005","3,713.94","3,713.94","3,713.94","3,713.94","","3.17%"
"10-07-2005","3,599.68","3,599.68","3,599.68","3,599.68","","3.25%"
"03-07-2005","3,486.35","3,486.35","3,486.35","3,486.35","","3.92%"
"26-06-2005","3,354.71","3,354.71","3,354.71","3,354.71","","0.48%"
"19-06-2005","3,338.78","3,338.78","3,338.78","3,338.78","","1.22%"
"12-06-2005","3,298.63","3,298.63","3,298.63","3,298.63","","-1.97%"
"05-06-2005","3,364.78","3,364.78","3,364.78","3,364.78","","2.01%"
"29-05-2005","3,298.56","3,298.56","3,298.56","3,298.56","","1.15%"
"22-05-2005","3,261.21","3,261.21","3,261.21","3,261.21","","0.69%"
"15-05-2005","3,239.00","3,239.00","3,239.00","3,239.00","","0.87%"
"08-05-2005","3,210.99","3,210.99","3,210.99","3,210.99","","2.94%"
"01-05-2005","3,119.19","3,119.19","3,119.19","3,119.19","","2.28%"
"24-04-2005","3,049.65","3,049.65","3,049.65","3,049.65","","-2.54%"
"17-04-2005","3,129.11","3,129.11","3,129.11","3,129.11","","2.33%"
"10-04-2005","3,057.89","3,057.89","3,057.89","3,057.89","","-2.13%"
"03-04-2005","3,124.31","3,124.31","3,124.31","3,124.31","","-0.66%"
"27-03-2005","3,145.07","3,145.07","3,145.07","3,145.07","","4.39%"
"20-03-2005","3,012.71","3,012.71","3,012.71","3,012.71","","-5.34%"
"13-03-2005","3,182.62","3,182.62","3,182.62","3,182.62","","-2.73%"
"06-03-2005","3,272.05","3,272.05","3,272.05","3,272.05","","0.98%"
"27-02-2005","3,240.36","3,240.36","3,240.36","3,240.36","","4.45%"
"20-02-2005","3,102.20","3,102.20","3,102.20","3,102.20","","0.03%"
"13-02-2005","3,101.23","3,101.23","3,101.23","3,101.23","","-1.31%"
"06-02-2005","3,142.49","3,142.49","3,142.49","3,142.49","","2.29%"
"30-01-2005","3,072.14","3,072.14","3,072.14","3,072.14","","4.65%"
"23-01-2005","2,935.55","2,935.55","2,935.55","2,935.55","","3.51%"
"16-01-2005","2,836.08","2,836.08","2,836.08","2,836.08","","-1.35%"
"09-01-2005","2,874.83","2,874.83","2,874.83","2,874.83","","-3.65%"
"02-01-2005","2,983.66","2,983.66","2,983.66","2,983.66","","-1.18%"
"26-12-2004","3,019.15","3,019.15","3,019.15","3,019.15","","3.03%"
"19-12-2004","2,930.39","2,930.39","2,930.39","2,930.39","","4.23%"
"12-12-2004","2,811.43","2,811.43","2,811.43","2,811.43","","3.50%"
"05-12-2004","2,716.36","2,716.36","2,716.36","2,716.36","","0.99%"
"28-11-2004","2,689.65","2,689.65","2,689.65","2,689.65","","2.02%"
"21-11-2004","2,636.39","2,636.39","2,636.39","2,636.39","","3.03%"
"14-11-2004","2,558.92","2,558.92","2,558.92","2,558.92","","2.51%"
"07-11-2004","2,496.38","2,496.38","2,496.38","2,496.38","","1.66%"
"31-10-2004","2,455.50","2,455.50","2,455.50","2,455.50","","3.48%"
"24-10-2004","2,372.97","2,372.97","2,372.97","2,372.97","","0.47%"
"17-10-2004","2,361.92","2,361.92","2,361.92","2,361.92","","-0.14%"
"10-10-2004","2,365.24","2,365.24","2,365.24","2,365.24","","-2.78%"
"03-10-2004","2,432.77","2,432.77","2,432.77","2,432.77","","2.46%"
"26-09-2004","2,374.39","2,374.39","2,374.39","2,374.39","","1.45%"
"19-09-2004","2,340.50","2,340.50","2,340.50","2,340.50","","1.59%"
"12-09-2004","2,303.86","2,303.86","2,303.86","2,303.86","","1.39%"
"05-09-2004","2,272.18","2,272.18","2,272.18","2,272.18","","1.93%"
"29-08-2004","2,229.05","2,229.05","2,229.05","2,229.05","","3.92%"
"22-08-2004","2,145.02","2,145.02","2,145.02","2,145.02","","2.04%"
"15-08-2004","2,102.13","2,102.13","2,102.13","2,102.13","","0.75%"
"08-08-2004","2,086.45","2,086.45","2,086.45","2,086.45","","-1.06%"
"01-08-2004","2,108.87","2,108.87","2,108.87","2,108.87","","1.63%"
"25-07-2004","2,074.97","2,074.97","2,074.97","2,074.97","","-0.34%"
"18-07-2004","2,082.05","2,082.05","2,082.05","2,082.05","","1.94%"
"11-07-2004","2,042.42","2,042.42","2,042.42","2,042.42","","4.27%"
"04-07-2004","1,958.79","1,958.79","1,958.79","1,958.79","","0.25%"
"27-06-2004","1,953.99","1,953.99","1,953.99","1,953.99","","4.85%"
"20-06-2004","1,863.58","1,863.58","1,863.58","1,863.58","","-1.74%"
"13-06-2004","1,896.52","1,896.52","1,896.52","1,896.52","","-2.16%"
"06-06-2004","1,938.42","1,938.42","1,938.42","1,938.42","","1.26%"
"30-05-2004","1,914.26","1,914.26","1,914.26","1,914.26","","-2.50%"
"23-05-2004","1,963.39","1,963.39","1,963.39","1,963.39","","-1.79%"
"16-05-2004","1,999.27","1,999.27","1,999.27","1,999.27","","0.32%"
"09-05-2004","1,992.84","1,992.84","1,992.84","1,992.84","","-12.62%"
"02-05-2004","2,280.76","2,280.76","2,280.76","2,280.76","","2.27%"
"25-04-2004","2,230.19","2,230.19","2,230.19","2,230.19","","-4.56%"
"18-04-2004","2,336.67","2,336.67","2,336.67","2,336.67","","2.70%"
"11-04-2004","2,275.19","2,275.19","2,275.19","2,275.19","","4.34%"
"04-04-2004","2,180.49","2,180.49","2,180.49","2,180.49","","0.63%"
"28-03-2004","2,166.92","2,166.92","2,166.92","2,166.92","","7.67%"
"21-03-2004","2,012.55","2,012.55","2,012.55","2,012.55","","-0.10%"
"14-03-2004","2,014.53","2,014.53","2,014.53","2,014.53","","-5.22%"
"07-03-2004","2,125.41","2,125.41","2,125.41","2,125.41","","-1.38%"
"29-02-2004","2,155.05","2,155.05","2,155.05","2,155.05","","1.80%"
"22-02-2004","2,116.90","2,116.90","2,116.90","2,116.90","","-3.34%"
"15-02-2004","2,189.99","2,189.99","2,189.99","2,189.99","","-2.18%"
"08-02-2004","2,238.80","2,238.80","2,238.80","2,238.80","","5.48%"
"01-02-2004","2,122.57","2,122.57","2,122.57","2,122.57","","-1.73%"
"25-01-2004","2,160.00","2,160.00","2,160.00","2,160.00","","-2.69%"
"18-01-2004","2,219.66","2,219.66","2,219.66","2,219.66","","-7.10%"
"11-01-2004","2,389.36","2,389.36","2,389.36","2,389.36","","-2.70%"
"04-01-2004","2,455.74","2,455.74","2,455.74","2,455.74","","-1.20%"
"28-12-2003","2,485.64","2,485.64","2,485.64","2,485.64","","3.18%"
"21-12-2003","2,409.09","2,409.09","2,409.09","2,409.09","","4.44%"
"14-12-2003","2,306.70","2,306.70","2,306.70","2,306.70","","5.01%"
"07-12-2003","2,196.75","2,196.75","2,196.75","2,196.75","","4.73%"
"30-11-2003","2,097.48","2,097.48","2,097.48","2,097.48","","5.84%"
"23-11-2003","1,981.73","1,981.73","1,981.73","1,981.73","","5.56%"
"16-11-2003","1,877.28","1,877.28","1,877.28","1,877.28","","1.10%"
"09-11-2003","1,856.87","1,856.87","1,856.87","1,856.87","","0.37%"
"02-11-2003","1,850.00","1,850.00","1,850.00","1,850.00","","5.09%"
"26-10-2003","1,760.38","1,760.38","1,760.38","1,760.38","","2.99%"
"19-10-2003","1,709.33","1,709.33","1,709.33","1,709.33","","-3.86%"
"12-10-2003","1,778.00","1,778.00","1,778.00","1,778.00","","0.70%"
"05-10-2003","1,765.64","1,765.64","1,765.64","1,765.64","","5.28%"
"28-09-2003","1,677.13","1,677.13","1,677.13","1,677.13","","4.38%"
"21-09-2003","1,606.79","1,606.79","1,606.79","1,606.79","","3.98%"
"14-09-2003","1,545.35","1,545.35","1,545.35","1,545.35","","-3.66%"
"07-09-2003","1,603.99","1,603.99","1,603.99","1,603.99","","0.25%"
"31-08-2003","1,600.01","1,600.01","1,600.01","1,600.01","","1.45%"
"24-08-2003","1,577.16","1,577.16","1,577.16","1,577.16","","3.85%"
"17-08-2003","1,518.69","1,518.69","1,518.69","1,518.69","","2.44%"
"10-08-2003","1,482.53","1,482.53","1,482.53","1,482.53","","3.56%"
"03-08-2003","1,431.55","1,431.55","1,431.55","1,431.55","","3.08%"
"27-07-2003","1,388.72","1,388.72","1,388.72","1,388.72","","3.32%"
"20-07-2003","1,344.10","1,344.10","1,344.10","1,344.10","","1.86%"
"13-07-2003","1,319.58","1,319.58","1,319.58","1,319.58","","-0.82%"
"06-07-2003","1,330.45","1,330.45","1,330.45","1,330.45","","-0.53%"
"29-06-2003","1,337.54","1,337.54","1,337.54","1,337.54","","6.18%"
"22-06-2003","1,259.71","1,259.71","1,259.71","1,259.71","","4.08%"
"15-06-2003","1,210.30","1,210.30","1,210.30","1,210.30","","2.25%"
"08-06-2003","1,183.63","1,183.63","1,183.63","1,183.63","","1.03%"
"01-06-2003","1,171.59","1,171.59","1,171.59","1,171.59","","1.61%"
"25-05-2003","1,153.06","1,153.06","1,153.06","1,153.06","","4.31%"
"18-05-2003","1,105.37","1,105.37","1,105.37","1,105.37","","2.57%"
"11-05-2003","1,077.68","1,077.68","1,077.68","1,077.68","","7.94%"
"04-05-2003","998.41","998.41","998.41","998.41","","2.47%"
"27-04-2003","974.39","974.39","974.39","974.39","","3.66%"
"20-04-2003","940.02","940.02","940.02","940.02","","0.96%"
"13-04-2003","931.09","931.09","931.09","931.09","","-0.22%"
"06-04-2003","933.13","933.13","933.13","933.13","","-1.74%"